rating,genre avg rating,director avg rating,director in genres avg rating,star_0 avg rating,star_0 & director avg rating,star_0 in genres avg rating,star_1 avg rating,star_1 & director avg rating,star_1 in genres avg rating,star_2 avg rating,star_2 & director avg rating,star_2 in genres avg rating,stars_0-3 avg rating,stars_0-3 & director avg rating,stars_0-3 in genres avg rating,stars_3-6 avg rating,stars_3-6 & director avg rating,stars_3-6 in genres avg rating,stars_6-10 avg rating,stars_6-10 & director avg rating,stars_6-10 in genres avg rating
8.4,8.4,nan,8.4,nan,nan,8.4,nan,nan,8.4,nan,nan,8.4,nan,nan,8.4,nan,nan,8.4,nan,nan,8.4
8.0,8.0,nan,8.0,nan,nan,8.0,nan,nan,8.0,nan,nan,8.0,nan,nan,8.0,nan,nan,8.0,nan,nan,8.0
8.3,8.34,8.4,8.34,8.4,8.4,8.34,nan,nan,8.3,nan,nan,nan,8.4,8.4,8.325000000000001,8.4,8.4,8.330769230769231,nan,nan,8.3
8.3,8.325000000000001,nan,8.3,nan,nan,8.3,nan,nan,8.3,nan,nan,8.3,nan,nan,8.3,nan,nan,8.3,nan,nan,8.3
8.6,8.433333333333334,8.350000000000001,8.457142857142856,nan,nan,8.6,nan,nan,8.6,nan,nan,8.6,nan,nan,8.6,8.333333333333334,8.333333333333334,8.493333333333332,8.350000000000001,8.350000000000001,8.547368421052632
8.4,8.399999999999999,8.3,8.375,nan,nan,8.4,nan,nan,8.4,nan,nan,8.4,nan,nan,8.4,8.3,8.3,8.39,nan,nan,8.4
8.0,8.059999999999999,nan,8.0,nan,nan,8.0,nan,nan,8.0,nan,nan,8.0,nan,nan,8.0,nan,nan,8.0,nan,nan,8.0
8.2,8.383333333333331,nan,8.2,nan,nan,8.2,nan,nan,8.2,nan,nan,8.2,nan,nan,8.2,nan,nan,8.2,nan,nan,8.2
8.6,8.42727272727273,8.433333333333332,8.475,8.433333333333332,8.433333333333332,8.475,nan,nan,8.6,8.459999999999999,8.459999999999999,8.483333333333336,8.45,8.45,8.490909090909092,8.45,8.45,8.540000000000001,8.45,8.45,8.55
7.7,7.966666666666669,nan,7.7,nan,nan,7.7,nan,nan,7.7,nan,nan,7.7,nan,nan,7.7,nan,nan,7.700000000000002,nan,nan,7.7
8.2,8.307692307692308,nan,8.2,nan,nan,nan,nan,nan,8.2,nan,nan,8.2,nan,nan,8.2,nan,nan,8.2,nan,nan,8.2
8.3,8.3875,8.2,8.3,nan,nan,8.3,nan,nan,8.3,nan,nan,8.3,nan,nan,8.3,nan,nan,8.3,nan,nan,8.3
8.1,8.018181818181818,nan,8.1,nan,nan,8.1,nan,nan,8.099999999999998,nan,nan,8.1,nan,nan,8.099999999999998,nan,nan,8.1,nan,nan,8.1
7.8,7.814285714285715,nan,7.8,nan,nan,7.8,nan,nan,7.8,nan,nan,7.8,nan,nan,7.8,nan,nan,7.8,nan,nan,7.8
7.5,7.8062499999999995,nan,7.628571428571428,nan,nan,7.5,nan,nan,7.5,nan,nan,7.5,nan,nan,7.5,7.949999999999999,7.949999999999999,7.550000000000001,8.3,8.3,7.5
8.2,8.2,nan,8.2,nan,nan,8.2,nan,nan,8.2,nan,nan,8.2,nan,nan,8.2,nan,nan,8.2,nan,nan,8.2
8.5,8.394444444444444,8.475,8.481818181818182,8.475,8.475,8.485714285714286,nan,nan,8.5,nan,nan,8.5,8.475,8.475,8.49,7.7,7.7,8.5,8.6,8.6,8.514285714285714
8.2,8.379999999999999,nan,8.2,nan,nan,8.2,8.2,8.2,8.2,nan,nan,8.2,8.2,8.2,8.2,8.2,8.2,8.225,nan,nan,8.2
8.4,8.325,nan,8.4,nan,nan,8.4,8.3,8.3,8.366666666666667,nan,nan,8.4,8.3,8.3,8.385714285714286,nan,nan,8.4,nan,nan,8.4
7.3,7.692857142857143,7.8,7.5,nan,nan,7.3,nan,nan,7.3,8.1,8.1,7.757142857142858,8.1,8.1,7.546153846153846,7.7,7.7,7.3999999999999995,7.85,7.85,7.333333333333333
8.2,8.315789473684209,nan,8.2,nan,nan,8.2,nan,nan,8.2,nan,nan,8.2,nan,nan,8.2,8.4,8.4,8.22857142857143,8.2,8.2,8.2
7.4,7.658333333333334,7.8,7.6000000000000005,nan,nan,7.4,nan,nan,7.4,nan,nan,7.4,nan,nan,7.400000000000001,nan,nan,7.4,7.866666666666667,7.866666666666667,7.457142857142857
8.6,8.361904761904762,nan,8.6,8.2,8.2,8.5,nan,nan,8.6,nan,nan,8.6,8.2,8.2,8.559999999999999,8.25,8.25,8.536363636363635,8.3,8.3,8.557142857142855
8.1,8.345454545454546,8.25,8.133333333333333,nan,nan,8.1,nan,nan,8.1,nan,nan,8.1,nan,nan,8.1,8.375,8.375,8.149999999999999,nan,nan,8.1
8.4,8.352173913043476,nan,8.4,nan,nan,8.4,nan,nan,8.4,nan,nan,8.4,nan,nan,8.4,8.3,8.3,8.392307692307693,8.4,8.4,8.4
8.7,8.163333333333332,8.2,8.6,8.3,8.3,8.6,nan,nan,8.7,nan,nan,8.7,8.3,8.3,8.66,8.3,8.3,8.642857142857142,8.214285714285714,8.214285714285714,8.538888888888888
8.1,8.309677419354838,8.2,8.12,8.1,8.1,8.1,8.6,8.6,8.266666666666667,8.45,8.45,8.271428571428572,8.399999999999999,8.399999999999999,8.229411764705883,nan,nan,8.1,7.7,7.7,8.111111111111112
8.1,8.215789473684207,nan,8.1,8.399999999999999,8.399999999999999,8.142857142857142,nan,nan,8.1,8.1,8.1,8.1,8.299999999999999,8.299999999999999,8.11875,nan,nan,8.1,8.2,8.2,8.1
8.4,8.36315789473684,nan,8.4,nan,nan,8.4,nan,nan,8.4,nan,nan,8.4,nan,nan,8.4,nan,nan,8.4,nan,nan,8.4
8.0,8.3,8.149999999999999,8.066666666666666,nan,nan,8.0,nan,nan,8.0,nan,nan,8.0,nan,nan,8.0,8.4,8.4,8.040000000000001,8.325,8.325,8.08235294117647
8.3,8.328000000000001,8.2,8.280000000000001,8.299999999999999,8.299999999999999,8.333333333333334,8.2,8.2,8.280000000000001,nan,nan,8.3,8.274999999999999,8.274999999999999,8.306666666666667,8.2,8.2,8.292307692307693,nan,nan,8.3
8.3,8.211111111111109,nan,8.3,8.4,8.4,8.325000000000001,nan,nan,8.3,8.4,8.4,8.325000000000001,8.4,8.4,8.318181818181818,nan,nan,8.3,nan,nan,8.3
8.4,8.372727272727273,nan,8.4,nan,nan,8.4,nan,nan,8.4,8.2,8.2,8.4,8.2,8.2,8.4,nan,nan,8.4,nan,nan,8.4
7.3,7.791176470588233,nan,7.3,nan,nan,7.3,nan,nan,7.3,nan,nan,7.3,nan,nan,7.3,7.3,7.3,7.299999999999999,7.8,7.8,7.345454545454545
8.5,8.35,8.4,8.45,nan,nan,8.5,nan,nan,8.5,nan,nan,8.5,nan,nan,8.5,nan,nan,8.5,nan,nan,8.488888888888889
7.4,7.724324324324325,7.3,7.355555555555554,nan,nan,7.4,nan,nan,7.4,nan,nan,7.4,nan,nan,7.4,7.3199999999999985,7.3199999999999985,7.356666666666666,nan,nan,7.400000000000002
8.1,8.360869565217392,nan,8.1,8.2,8.2,8.149999999999999,nan,nan,8.1,nan,nan,8.1,8.2,8.2,8.125,nan,nan,8.1,nan,nan,8.1
8.1,8.217391304347824,8.1,8.0875,8.0,8.0,8.06,nan,nan,8.1,8.3,8.3,nan,8.15,8.15,8.075,8.2,8.2,8.11,nan,nan,8.1
7.9,8.100000000000001,8.25,8.0,8.3,8.3,8.200000000000001,nan,nan,7.900000000000001,nan,nan,7.900000000000001,8.3,8.3,8.05,nan,nan,7.900000000000001,nan,nan,7.900000000000001
7.8,8.05,nan,7.8,nan,nan,7.8,nan,nan,7.8,8.4,8.4,7.8,8.4,8.4,7.8,nan,nan,7.8,8.4,8.4,7.8
8.1,8.2,nan,8.1,nan,nan,nan,nan,nan,nan,nan,nan,8.1,nan,nan,8.1,nan,nan,8.1,nan,nan,8.1
8.4,8.075,nan,8.4,nan,nan,nan,nan,nan,8.4,nan,nan,8.4,nan,nan,8.4,7.8,7.8,8.4,8.2,8.2,8.384615384615385
7.4,7.710810810810811,7.35,7.375000000000001,nan,nan,7.4,7.4,7.4,7.3999999999999995,8.5,8.5,7.4,7.95,7.95,7.3999999999999995,7.4,7.4,7.3999999999999995,7.5200000000000005,7.5200000000000005,7.447368421052632
8.1,8.226315789473684,nan,8.1,nan,nan,8.1,nan,nan,8.1,nan,nan,8.1,nan,nan,8.1,nan,nan,8.1,nan,nan,8.1
8.2,8.229999999999999,8.1,8.166666666666664,nan,nan,8.2,8.1,8.1,8.333333333333334,nan,nan,8.2,8.1,8.1,8.257142857142856,nan,nan,8.2,nan,nan,8.2
8.3,8.32857142857143,8.1,8.233333333333333,8.1,8.1,8.233333333333333,8.1,8.1,8.233333333333333,nan,nan,8.3,8.1,8.1,8.25,nan,nan,8.3,nan,nan,8.3
8.7,8.372,8.4,8.55,8.4,8.4,8.55,8.4,8.4,8.55,nan,nan,8.7,8.4,8.4,8.580000000000002,8.4,8.4,8.625,8.4,8.4,8.64
8.6,8.255555555555555,8.1,8.25,8.333333333333334,8.333333333333334,8.4,8.1,8.1,8.466666666666667,nan,nan,8.6,8.275,8.275,8.475,8.4,8.4,8.6,nan,nan,8.6
7.4,7.869999999999999,7.366666666666667,7.378571428571431,nan,nan,7.400000000000003,nan,nan,7.4,nan,nan,7.4,nan,nan,7.400000000000002,7.325,7.325,7.372000000000001,nan,nan,7.400000000000001
7.8,8.350000000000001,nan,7.8,nan,nan,7.8,nan,nan,7.8,nan,nan,7.8,nan,nan,7.8,8.3,8.3,7.925000000000001,8.2,8.2,7.88
8.1,8.219999999999997,nan,8.1,nan,nan,8.1,nan,nan,8.1,nan,nan,8.1,nan,nan,8.1,8.1,8.1,8.1,nan,nan,8.1
8.1,8.209090909090907,nan,8.1,nan,nan,8.1,nan,nan,8.1,nan,nan,8.1,nan,nan,8.1,nan,nan,8.1,8.166666666666666,8.166666666666666,8.11176470588235
8.0,8.212820512820514,8.2,8.05,nan,nan,8.0,nan,nan,8.0,nan,nan,8.0,nan,nan,8.0,8.2625,8.2625,8.118749999999999,nan,nan,8.0
8.9,8.357575757575757,nan,8.9,8.3,8.3,8.600000000000001,nan,nan,8.9,8.3,8.3,8.600000000000001,8.3,8.3,8.66,nan,nan,8.9,8.2,8.2,8.76
8.3,8.232558139534886,nan,8.3,nan,nan,8.3,nan,nan,8.3,nan,nan,8.3,nan,nan,8.3,nan,nan,8.3,nan,nan,8.3
8.5,8.353846153846154,8.1,8.5,nan,nan,8.5,nan,nan,8.5,nan,nan,8.5,nan,nan,8.5,nan,nan,8.5,8.1,8.1,8.5
8.3,8.357575757575757,nan,8.3,nan,nan,8.3,nan,nan,8.3,nan,nan,8.3,nan,nan,8.3,nan,nan,nan,nan,nan,nan
8.3,8.26326530612245,nan,8.3,8.5,8.5,8.350000000000001,nan,nan,8.3,nan,nan,8.3,8.5,8.5,8.320000000000002,nan,nan,8.3,nan,nan,8.3
8.4,8.312727272727273,8.45,8.416666666666666,nan,nan,8.4,nan,nan,8.4,nan,nan,8.4,nan,nan,8.4,8.35,8.35,8.39090909090909,8.166666666666666,8.166666666666666,8.353333333333333
8.2,8.218421052631575,8.4,8.2,nan,nan,8.2,nan,nan,8.2,8.350000000000001,8.350000000000001,8.24,8.350000000000001,8.350000000000001,8.218181818181819,nan,nan,8.2,8.4,8.4,8.2
8.4,8.197222222222218,8.2,8.275,8.4,8.4,8.4,nan,nan,8.4,nan,nan,8.4,8.4,8.4,8.4,nan,nan,8.4,8.45,8.45,8.384615384615385
8.1,8.245833333333334,8.1,8.1,8.2,8.2,8.1,8.3,8.3,8.179999999999998,nan,nan,8.1,8.25,8.25,8.136363636363635,nan,nan,8.1,7.8,7.8,8.1
8.2,8.306000000000001,nan,8.2,nan,nan,8.2,nan,nan,8.2,nan,nan,8.2,nan,nan,8.2,nan,nan,8.2,nan,nan,8.2
8.4,8.173684210526314,8.228571428571428,8.307692307692308,8.1,8.1,8.325000000000001,8.3,8.3,8.4,nan,nan,8.4,8.166666666666666,8.166666666666666,8.370000000000001,8.149999999999999,8.149999999999999,8.341666666666667,7.8,7.8,8.4
7.3,7.725454545454545,7.375,7.350000000000003,nan,nan,7.3,nan,nan,7.3,7.3,7.3,7.299999999999999,7.3,7.3,7.3,7.3500000000000005,7.3500000000000005,7.327777777777779,7.75,7.75,7.428571428571429
8.3,8.263636363636364,8.433333333333332,8.3,8.4,8.4,8.3,nan,nan,8.3,nan,nan,8.3,8.4,8.4,8.3,nan,nan,8.3,8.05,8.05,8.3
8.6,8.283870967741935,8.25,8.360000000000001,nan,nan,8.6,8.0,8.0,8.6,nan,nan,8.6,8.0,8.0,8.6,8.466666666666667,8.466666666666667,8.559999999999999,8.399999999999999,8.399999999999999,8.561538461538461
8.0,8.21875,8.3,8.125,8.5,8.5,8.125,8.2,8.2,8.0,nan,nan,8.0,8.35,8.35,8.05,8.4,8.4,8.021052631578948,8.0,8.0,8.0
8.3,8.255555555555555,8.4,8.357142857142856,8.3,8.3,8.3,nan,nan,8.3,8.4,8.4,8.325000000000001,8.350000000000001,8.350000000000001,8.30909090909091,nan,nan,8.3,8.3,8.3,8.3
7.8,7.985714285714285,nan,7.8,nan,nan,7.8,nan,nan,7.8,nan,nan,7.8,nan,nan,7.799999999999999,nan,nan,7.799999999999999,nan,nan,7.8
7.8,8.20281690140845,nan,7.8,8.1,8.1,7.92,nan,nan,7.8,7.8,7.8,7.8,7.949999999999999,7.949999999999999,7.854545454545455,8.475000000000001,8.475000000000001,7.945454545454544,7.4,7.4,7.742857142857143
8.1,8.295238095238096,nan,8.1,nan,nan,8.1,nan,nan,8.1,nan,nan,8.1,nan,nan,8.1,nan,nan,8.1,nan,nan,8.1
7.6,8.155555555555557,nan,7.6,7.9,7.9,7.685714285714286,nan,nan,7.6,nan,nan,7.6,7.9,7.9,7.635294117647059,8.5,8.5,7.7444444444444445,8.4,8.4,7.6380952380952385
7.3,8.031707317073172,nan,7.3,nan,nan,7.3,nan,nan,7.3,nan,nan,7.3,nan,nan,7.299999999999999,8.25,8.25,7.472727272727272,nan,nan,7.3
7.7,8.20327868852459,8.200000000000001,7.975,8.4,8.4,7.7,8.1,8.1,7.7,nan,nan,7.7,8.25,8.25,7.7,nan,nan,7.7,nan,nan,7.7
8.4,8.194594594594594,8.3,8.362499999999999,nan,nan,8.4,8.3,8.3,8.362499999999999,nan,nan,8.4,8.3,8.3,8.383333333333333,8.2,8.2,8.342857142857142,8.333333333333334,8.333333333333334,8.4
8.1,8.228124999999999,nan,8.1,nan,nan,8.1,nan,nan,8.1,8.399999999999999,8.399999999999999,8.319999999999999,8.399999999999999,8.399999999999999,8.222222222222221,nan,nan,8.1,7.949999999999999,7.949999999999999,8.1
8.4,8.290909090909091,nan,8.4,8.1,8.1,8.4,nan,nan,8.4,nan,nan,8.4,8.1,8.1,8.4,nan,nan,8.4,nan,nan,8.4
8.1,8.169491525423728,nan,8.1,nan,nan,8.1,nan,nan,8.1,nan,nan,8.1,nan,nan,8.1,nan,nan,8.1,8.6,8.6,8.155555555555557
7.5,7.984782608695654,7.3,7.3999999999999995,7.3,7.3,7.3999999999999995,nan,nan,7.5,nan,nan,7.5,7.3,7.3,7.45,7.933333333333334,7.933333333333334,7.5200000000000005,7.6,7.6,7.4875
8.3,8.177215189873417,7.8,8.2,7.8,7.8,8.2,nan,nan,8.3,nan,nan,8.3,7.8,7.8,8.261538461538462,8.05,8.05,8.26875,7.8,7.8,8.270588235294118
7.8,7.990909090909093,8.28888888888889,8.139999999999999,nan,nan,7.8,nan,nan,7.8,7.2,7.2,7.8,7.2,7.2,7.8,nan,nan,7.8,8.2,8.2,7.8
7.2,7.7447058823529416,7.2,7.200000000000001,nan,nan,7.200000000000002,nan,nan,7.2,7.2,7.2,7.200000000000001,7.2,7.2,7.200000000000001,7.2,7.2,7.199999999999998,nan,nan,7.2
8.5,8.181481481481484,8.075,8.375,7.7,7.7,8.5,8.1,8.1,8.5,8.1,8.1,8.5,7.966666666666666,7.966666666666666,8.5,8.05,8.05,8.414285714285715,nan,nan,8.5
7.8,7.976000000000002,nan,7.8,7.4,7.4,7.533333333333333,nan,nan,7.8,nan,nan,7.8,7.4,7.4,7.666666666666667,nan,nan,7.799999999999999,7.7,7.7,7.7
7.8,7.793333333333333,nan,7.8,nan,nan,7.8,nan,nan,7.799999999999999,nan,nan,7.8,nan,nan,7.8,nan,nan,7.8,8.4,8.4,7.8
8.1,7.961538461538462,nan,8.1,nan,nan,8.1,nan,nan,8.1,nan,nan,8.1,nan,nan,8.1,nan,nan,8.1,nan,nan,8.1
7.9,8.017894736842104,8.149999999999999,8.024999999999999,7.949999999999999,7.949999999999999,7.8999999999999995,nan,nan,7.9,nan,nan,7.9,7.949999999999999,7.949999999999999,7.9,8.25,8.25,7.900000000000001,7.9,7.9,7.899999999999999
8.0,8.19259259259259,8.350000000000001,8.2,8.4,8.4,8.16,nan,nan,8.0,nan,nan,8.0,8.4,8.4,8.072727272727272,8.333333333333334,8.333333333333334,8.12142857142857,nan,nan,8.0
8.0,8.020192307692307,7.699999999999999,7.8500000000000005,7.8,7.8,7.942857142857143,nan,nan,8.0,nan,nan,8.0,7.8,7.8,7.976470588235294,7.4,7.4,7.929411764705883,nan,nan,8.0
7.0,7.920754716981134,7.4,7.2666666666666675,7.533333333333334,7.533333333333334,7.3999999999999995,nan,nan,7.0,nan,nan,7.0,7.533333333333334,7.533333333333334,7.2666666666666675,8.2,8.2,7.12,7.625,7.625,7.364705882352942
8.9,8.214285714285714,8.2,8.433333333333335,7.8,7.8,8.35,8.2,8.2,8.433333333333335,8.2,8.2,8.55,8.12,8.12,8.466666666666667,8.3,8.3,8.75,nan,nan,8.9
8.2,8.265999999999998,8.3,8.266666666666667,8.3,8.3,8.275,nan,nan,8.2,nan,nan,8.2,8.3,8.3,8.25,8.3,8.3,8.25,nan,nan,nan
8.2,8.229577464788735,nan,8.2,8.1,8.1,8.166666666666666,8.0,8.0,8.133333333333333,nan,nan,8.2,8.05,8.05,8.1625,nan,nan,8.2,nan,nan,8.2
7.9,8.221333333333337,nan,7.900000000000001,nan,nan,7.900000000000001,nan,nan,7.900000000000001,nan,nan,7.900000000000001,nan,nan,7.900000000000001,nan,nan,7.900000000000001,8.3,8.3,7.930769230769231
8.0,8.154838709677415,nan,8.0,nan,nan,8.0,nan,nan,8.0,nan,nan,8.0,nan,nan,8.0,8.0,8.0,8.007692307692308,nan,nan,8.0
7.6,7.651428571428573,7.2,7.345454545454547,nan,nan,7.6,7.2,7.2,7.333333333333335,nan,nan,7.6,7.2,7.2,7.44,7.74,7.74,7.499999999999998,7.561904761904763,7.561904761904763,7.503896103896108
6.9,7.8614035087719305,nan,6.900000000000001,7.4,7.4,7.300000000000001,nan,nan,6.900000000000001,nan,nan,6.900000000000001,7.4,7.4,7.185714285714288,nan,nan,6.900000000000001,7.557142857142857,7.557142857142857,7.317021276595745
8.3,8.239999999999998,8.16,8.3,nan,nan,8.3,nan,nan,8.3,6.9,6.9,8.3,6.9,6.9,8.3,nan,nan,8.3,nan,nan,8.3
8.0,8.066666666666666,nan,8.0,nan,nan,8.0,nan,nan,8.0,nan,nan,8.0,nan,nan,8.0,nan,nan,8.0,nan,nan,8.0
8.0,7.986666666666667,nan,8.0,8.149999999999999,8.149999999999999,8.025,nan,nan,8.0,8.1,8.1,8.0,8.133333333333333,8.133333333333333,8.01,nan,nan,8.0,nan,nan,8.0
8.0,8.239473684210527,nan,8.0,nan,nan,8.0,nan,nan,8.0,nan,nan,8.0,nan,nan,8.0,nan,nan,8.0,8.133333333333333,8.133333333333333,8.033333333333333
8.2,8.176470588235295,nan,8.2,8.149999999999999,8.149999999999999,8.2,8.149999999999999,8.149999999999999,8.2,nan,nan,8.2,8.149999999999999,8.149999999999999,8.2,8.3,8.3,8.19090909090909,nan,nan,8.2
7.4,8.228571428571428,nan,7.4,nan,nan,7.4,8.0,8.0,7.8,nan,nan,7.4,8.0,8.0,7.639999999999999,8.2,8.2,7.6,8.2,8.2,7.56
8.0,8.228571428571428,nan,8.0,8.0,8.0,8.0,nan,nan,8.0,nan,nan,8.0,8.0,8.0,8.0,7.949999999999999,7.949999999999999,7.95,8.4,8.4,8.08
6.8,7.820634920634922,nan,6.8,nan,nan,6.8,nan,nan,6.8,nan,nan,6.8,nan,nan,6.8,7.542857142857143,7.542857142857143,7.1125,7.4,7.4,7.205405405405406
8.1,7.8346938775510235,nan,8.1,8.4,8.4,8.15,nan,nan,8.1,nan,nan,8.1,8.4,8.4,8.12,nan,nan,8.1,8.2,8.2,8.11
7.7,8.174725274725269,nan,7.7,nan,nan,7.7,nan,nan,7.7,nan,nan,7.7,nan,nan,7.700000000000001,8.4,8.4,7.7700000000000005,nan,nan,7.7
8.0,8.206493506493505,8.0,8.0,8.3,8.3,8.120000000000001,8.2,8.2,8.08,nan,nan,8.0,8.25,8.25,8.076923076923077,8.0,8.0,8.0,nan,nan,8.0
7.1,7.711764705882356,7.333333333333333,7.2437499999999995,7.6,7.6,7.2875000000000005,nan,nan,7.1,7.425000000000001,7.425000000000001,7.326666666666664,7.460000000000001,7.460000000000001,7.2749999999999995,7.6,7.6,7.183333333333334,7.51111111111111,7.51111111111111,7.251162790697673
8.4,8.195348837209302,8.183333333333334,8.225,nan,nan,8.4,nan,nan,8.4,8.0,8.0,8.3,8.0,8.0,8.360000000000001,8.0,8.0,8.360000000000001,nan,nan,8.4
6.7,7.761971830985919,7.8,7.25,7.3,7.3,7.199999999999999,nan,nan,6.7,6.9,6.9,6.8,7.233333333333333,7.233333333333333,7.055555555555555,8.0,8.0,6.936363636363637,8.0,8.0,6.800000000000001
7.8,7.920312500000003,nan,7.8,8.433333333333335,8.433333333333335,7.875,nan,nan,7.8,nan,nan,7.8,8.433333333333335,8.433333333333335,7.83,nan,nan,7.799999999999999,7.9,7.9,7.8
8.1,8.0,nan,8.1,8.0,8.0,8.1,7.7,7.7,7.966666666666666,nan,nan,8.1,7.85,7.85,8.042857142857143,8.2,8.2,8.1,7.7,7.7,8.055555555555555
7.8,7.920312500000003,nan,7.8,7.9,7.9,7.825,nan,nan,7.8,nan,nan,7.8,7.9,7.9,7.81,nan,nan,7.799999999999999,8.0,8.0,7.8
7.8,7.6784313725490225,nan,7.8,7.9,7.9,7.8,nan,nan,7.8,nan,nan,7.8,7.9,7.9,7.799999999999999,nan,nan,7.799999999999999,nan,nan,7.8
7.8,8.019327731092435,nan,7.8,8.0,8.0,7.85,nan,nan,7.8,nan,nan,7.8,8.0,8.0,7.8199999999999985,nan,nan,7.799999999999999,8.0,8.0,7.828571428571428
9.2,8.21666666666667,nan,9.2,8.2,8.2,8.62,nan,nan,9.2,nan,nan,9.2,8.2,8.2,8.877777777777776,8.175,8.175,8.822222222222223,nan,nan,9.2
7.5,8.098275862068961,nan,7.5,8.0,8.0,7.75,nan,nan,7.5,nan,nan,7.5,8.0,8.0,7.625,nan,nan,7.5,8.1,8.1,7.5
7.7,8.035915492957747,nan,7.7,nan,nan,7.7,nan,nan,7.7,nan,nan,7.7,nan,nan,7.7,nan,nan,7.7,nan,nan,7.7
6.8,7.722784810126588,7.25,7.099999999999999,nan,nan,6.8,nan,nan,6.8,nan,nan,6.8,nan,nan,6.8,8.2,8.2,6.8,7.25,7.25,7.089090909090909
7.4,8.173684210526316,nan,7.4,nan,nan,7.4,nan,nan,7.4,nan,nan,7.4,nan,nan,7.400000000000001,nan,nan,7.400000000000001,nan,nan,7.4
8.1,8.16407766990291,8.0,8.059999999999999,8.05,8.05,8.149999999999999,8.0,8.0,8.06,8.2,8.2,8.125,8.059999999999999,8.059999999999999,8.107692307692307,8.2,8.2,8.118181818181817,8.15,8.15,8.1375
7.8,8.16407766990291,8.9,8.075,9.2,9.2,8.36,nan,nan,7.8,nan,nan,8.04,9.2,9.2,8.107692307692306,nan,nan,7.799999999999999,nan,nan,7.8
7.6,7.755932203389829,7.2749999999999995,7.339999999999996,nan,nan,7.6,8.0,8.0,7.636363636363637,nan,nan,7.6,8.0,8.0,7.619047619047619,7.266666666666666,7.266666666666666,7.446153846153846,7.099999999999999,7.099999999999999,7.4125000000000005
8.0,8.057142857142857,7.8,8.0,nan,nan,8.0,8.3,8.3,8.0,8.600000000000001,8.600000000000001,8.0,8.450000000000001,8.450000000000001,8.0,8.0,8.0,8.0,nan,nan,8.0
8.4,8.139495798319324,8.2,8.35,8.166666666666666,8.166666666666666,8.27142857142857,8.2,8.2,8.35,8.2,8.2,8.2,8.180000000000001,8.180000000000001,8.291666666666666,8.3,8.3,8.381818181818183,nan,nan,8.314285714285715
7.8,8.059459459459461,nan,7.8999999999999995,nan,nan,7.8,7.85,7.85,7.8999999999999995,8.5,8.5,8.033333333333333,8.066666666666666,8.066666666666666,7.925,nan,nan,7.8999999999999995,8.1,8.1,7.833333333333333
8.3,8.10655737704918,8.0,8.180000000000001,7.4,7.4,8.075000000000001,7.9,7.9,8.200000000000001,8.3,8.3,8.3,7.866666666666667,7.866666666666667,8.191666666666668,nan,nan,8.3,nan,nan,8.3
9.1,8.190909090909091,9.2,8.9,8.5,8.5,8.700000000000001,8.433333333333332,8.433333333333332,8.657142857142857,9.2,9.2,9.15,8.583333333333334,8.583333333333334,8.788235294117648,8.6,8.6,8.776923076923076,8.75,8.75,8.983333333333334
7.9,8.10655737704918,9.2,8.400000000000002,7.85,7.85,7.88,9.2,9.2,8.400000000000002,nan,nan,7.900000000000001,8.299999999999999,8.299999999999999,8.084615384615386,7.5,7.5,7.860000000000001,7.5,7.5,7.86923076923077
7.5,7.8619047619047615,nan,7.5,nan,nan,7.5,nan,nan,7.5,nan,nan,7.5,nan,nan,7.5,nan,nan,7.5,nan,nan,7.5
6.8,7.696470588235298,7.1000000000000005,7.024999999999999,6.8,6.8,6.8,7.7,7.7,6.8,nan,nan,6.8,7.25,7.25,6.8,7.5,7.5,6.8,7.1800000000000015,7.1800000000000015,7.010000000000001
8.1,8.000000000000002,nan,7.949999999999999,7.85,7.85,7.949999999999999,nan,nan,8.1,nan,nan,8.1,7.85,7.85,8.025,8.2,8.2,8.025,7.880000000000001,7.880000000000001,7.983333333333332
8.1,8.060156249999995,8.214285714285715,8.153846153846153,nan,nan,8.1,nan,nan,8.1,8.4,8.4,8.16,8.4,8.4,8.123076923076923,8.4,8.4,8.123076923076923,nan,nan,8.1
8.1,8.19230769230769,8.35,8.139999999999999,nan,nan,8.1,nan,nan,8.1,8.733333333333334,8.733333333333334,8.671428571428573,8.733333333333334,8.733333333333334,8.463636363636365,nan,nan,8.1,nan,nan,8.1
8.1,8.08715596330275,nan,8.1,7.8,7.8,8.0,8.2,8.2,8.2,7.75,7.75,7.925,7.875,7.875,7.987500000000001,7.933333333333334,7.933333333333334,8.044444444444444,nan,nan,8.1
8.3,7.811392405063293,nan,8.3,nan,nan,8.299999999999999,nan,nan,8.3,nan,nan,8.300000000000002,nan,nan,8.3,nan,nan,8.300000000000002,nan,nan,8.3
8.7,8.204054054054053,nan,8.7,nan,nan,8.7,8.05,8.05,8.266666666666666,nan,nan,8.7,8.05,8.05,8.440000000000001,7.1,7.1,8.7,8.1,8.1,8.579999999999998
7.4,7.863636363636363,nan,7.4,nan,nan,7.4,nan,nan,7.4,nan,nan,7.4,nan,nan,7.400000000000001,nan,nan,7.400000000000001,nan,nan,7.4
8.0,8.089473684210525,nan,8.0,8.033333333333333,8.033333333333333,8.02,8.3,8.3,8.133333333333333,8.9,8.9,8.299999999999999,8.266666666666667,8.266666666666667,8.127272727272727,8.440000000000001,8.440000000000001,8.16,7.8,7.8,7.9818181818181815
7.4,7.889999999999999,nan,7.4,nan,nan,7.4,8.1,8.1,7.4,nan,nan,7.4,8.1,8.1,7.400000000000001,nan,nan,7.400000000000001,8.7,8.7,7.4
8.2,8.202564102564104,8.266666666666667,8.25,8.100000000000001,8.100000000000001,8.133333333333335,8.299999999999999,8.299999999999999,8.333333333333334,nan,nan,8.2,8.22,8.22,8.22857142857143,8.35,8.35,8.27,nan,nan,8.2
8.1,8.2,nan,8.1,nan,nan,8.1,nan,nan,8.1,9.149999999999999,9.149999999999999,8.625,9.149999999999999,9.149999999999999,8.3625,9.149999999999999,9.149999999999999,8.3625,8.649999999999999,8.649999999999999,8.292307692307691
8.4,8.193577981651375,7.4,7.9,nan,nan,8.4,nan,nan,8.4,7.4,7.4,7.9,7.4,7.4,8.15,8.1,8.1,8.4,8.25,8.25,8.350000000000001
7.6,8.10689655172414,nan,7.6,8.25,8.25,7.6,nan,nan,7.6,nan,nan,7.6,8.25,8.25,7.599999999999999,nan,nan,7.599999999999999,7.457142857142856,7.457142857142856,7.6
8.1,8.098529411764703,nan,8.1,nan,nan,8.1,9.149999999999999,9.149999999999999,8.52,7.8,7.8,8.024999999999999,8.7,8.7,8.249999999999998,8.1,8.1,8.1,nan,nan,8.1
7.7,8.184090909090907,8.1,7.833333333333333,7.866666666666667,7.866666666666667,7.8,8.2,8.2,7.866666666666667,8.0,8.0,7.766666666666667,7.966666666666666,7.966666666666666,7.8090909090909095,8.0,8.0,7.742857142857142,nan,nan,7.7
7.4,8.150892857142855,nan,7.400000000000001,nan,nan,7.400000000000001,nan,nan,7.400000000000001,nan,nan,7.400000000000001,nan,nan,7.400000000000001,nan,nan,7.400000000000001,nan,nan,7.400000000000001
8.7,7.734567901234571,7.5,8.7,nan,nan,8.7,7.7,7.7,8.7,nan,nan,8.7,7.7,7.7,8.7,8.1,8.1,8.65,8.4,8.4,8.68235294117647
7.1,7.717021276595747,6.9,6.999999999999999,6.8,6.8,6.9,nan,nan,7.1000000000000005,nan,nan,7.099999999999999,6.8,6.8,7.0,7.7,7.7,7.253846153846154,7.3500000000000005,7.3500000000000005,7.139473684210526
7.6,7.98,nan,7.6,nan,nan,7.6,nan,nan,7.6,nan,nan,7.6,nan,nan,7.599999999999999,7.8,7.8,7.599999999999999,nan,nan,7.6
8.0,7.86153846153846,8.0,8.0,nan,nan,8.0,nan,nan,8.0,nan,nan,8.0,nan,nan,8.0,8.4,8.4,8.0,nan,nan,8.0
7.2,7.802272727272729,nan,7.2,7.4,7.4,7.2,nan,nan,7.2,nan,nan,7.2,7.4,7.4,7.2,nan,nan,7.2,nan,nan,7.2
7.9,8.044444444444443,nan,7.900000000000001,7.6000000000000005,7.6000000000000005,7.779999999999999,nan,nan,7.900000000000001,nan,nan,7.900000000000001,7.6000000000000005,7.6000000000000005,7.845454545454547,7.4,7.4,7.85,7.949999999999999,7.949999999999999,7.900000000000001
7.3,8.049557522123889,7.6,7.3,8.533333333333333,8.533333333333333,7.916666666666667,7.925000000000001,7.925000000000001,7.583333333333333,nan,nan,7.3,8.185714285714287,8.185714285714287,7.6000000000000005,8.0,8.0,7.474999999999999,7.5,7.5,7.253846153846153
8.2,8.177777777777774,nan,8.2,8.299999999999999,8.299999999999999,8.260000000000002,8.575,8.575,8.45,nan,nan,8.2,8.457142857142857,8.457142857142857,8.338461538461539,8.1,8.1,8.185714285714285,nan,nan,8.2
8.5,7.865384615384617,nan,8.5,7.9,7.9,8.5,8.1,8.1,8.5,7.8,7.8,8.266666666666667,7.925,7.925,8.4,8.649999999999999,8.649999999999999,8.5,6.8,6.8,8.5
8.5,8.163207547169808,8.733333333333334,8.639999999999999,8.225,8.225,8.316666666666668,nan,nan,8.5,8.416666666666666,8.416666666666666,8.355555555555554,8.34,8.34,8.358823529411765,7.9,7.9,8.414285714285715,8.085714285714285,8.085714285714285,8.278571428571428
7.6,7.956716417910447,7.8,7.675000000000001,8.275,8.275,7.722222222222222,nan,nan,7.6,7.7,7.7,7.616666666666667,8.16,8.16,7.659999999999999,8.0,8.0,7.676470588235294,8.2,8.2,7.628571428571428
7.8,8.151111111111108,nan,7.8,8.025,8.025,7.9799999999999995,8.2,8.2,8.0,8.0,8.0,7.9,8.049999999999999,8.049999999999999,7.970000000000001,nan,nan,7.8,8.05,8.05,7.840000000000001
6.2,7.737662337662336,7.0,6.636363636363638,6.8999999999999995,6.8999999999999995,6.649999999999999,nan,nan,6.2,nan,nan,6.2,6.8999999999999995,6.8999999999999995,6.462499999999999,7.175,7.175,6.83061224489796,7.2,7.2,6.865384615384617
8.0,8.073333333333336,8.1,8.049999999999999,8.1,8.1,8.049999999999999,8.799999999999999,8.799999999999999,8.325,7.7,7.7,7.88,8.440000000000001,8.440000000000001,8.121052631578946,8.149999999999999,8.149999999999999,8.008333333333333,nan,nan,8.0
7.0,7.6211009174311934,nan,7.0,nan,nan,7.0,nan,nan,7.0,nan,nan,7.0,nan,nan,7.0,nan,nan,7.0,nan,nan,7.0
8.2,7.9875,8.3,8.25,8.3,8.3,8.257142857142856,8.299999999999999,8.299999999999999,8.249999999999998,8.299999999999999,8.299999999999999,8.246153846153845,8.3,8.3,8.249999999999998,8.299999999999999,8.299999999999999,8.24375,8.3,8.3,8.260000000000002
7.1,7.993277310924367,nan,7.099999999999999,8.1,8.1,7.5,8.1,8.1,7.5,8.799999999999999,8.799999999999999,7.971428571428572,8.52,8.52,7.694117647058825,8.383333333333335,8.383333333333335,7.694444444444445,8.58,8.58,7.594736842105262
8.2,8.11176470588235,nan,8.2,nan,nan,8.2,nan,nan,8.2,nan,nan,8.2,nan,nan,8.2,nan,nan,8.2,nan,nan,8.2
6.4,7.760344827586206,7.8,6.833333333333333,nan,nan,6.4,nan,nan,6.4,nan,nan,6.4,nan,nan,6.400000000000001,nan,nan,6.400000000000001,8.0,8.0,6.4941176470588236
7.7,7.6318840579710185,nan,7.7,nan,nan,7.7,nan,nan,7.7,nan,nan,7.7,nan,nan,7.7,nan,nan,7.7,nan,nan,7.7
7.8,7.965714285714286,nan,7.8,nan,nan,7.8,8.1,8.1,7.8,8.1,8.1,7.8,8.1,8.1,7.8,nan,nan,7.8,nan,nan,7.8
7.4,7.9449999999999985,nan,7.4,nan,nan,7.4,8.1,8.1,7.4,8.15,8.15,7.5,8.133333333333333,8.133333333333333,7.442857142857143,7.6,7.6,7.428571428571429,8.5,8.5,7.4
6.5,7.9526315789473685,nan,6.5,nan,nan,6.5,nan,nan,6.5,nan,nan,6.5,nan,nan,6.5,7.6,7.6,6.5,7.3,7.3,6.5
8.3,8.125925925925925,7.9,8.139999999999999,8.275,8.275,8.285714285714285,nan,nan,8.3,nan,nan,8.3,8.275,8.275,8.292307692307691,nan,nan,8.3,7.8,7.8,8.3
8.8,7.670588235294117,nan,8.8,8.7,8.7,8.749999999999998,8.15,8.15,8.749999999999998,8.7,8.7,8.666666666666664,8.333333333333334,8.333333333333334,8.719999999999997,8.425,8.425,8.742857142857142,8.466666666666667,8.466666666666667,8.706451612903225
6.8,7.720833333333333,7.449999999999999,7.0,7.8,7.8,7.133333333333333,7.3,7.3,6.999999999999998,7.825,7.825,7.0,7.718181818181819,7.718181818181819,7.038095238095237,7.3,7.3,7.0,7.200000000000001,7.200000000000001,6.938095238095237
8.0,7.863725490196079,7.6,7.92,7.6,7.6,7.92,nan,nan,8.0,nan,nan,8.0,7.6,7.6,7.9692307692307685,nan,nan,8.0,nan,nan,8.0
8.2,8.14174757281553,7.4,7.933333333333333,nan,nan,8.2,8.5,8.5,8.2,7.9,7.9,8.133333333333333,8.1,8.1,8.17142857142857,nan,nan,8.2,nan,nan,8.2
8.5,7.856249999999998,8.200000000000001,8.5,8.133333333333333,8.133333333333333,8.5,8.1,8.1,8.5,nan,nan,8.5,8.125,8.125,8.5,7.859999999999999,7.859999999999999,8.5,7.95,7.95,8.5
7.6,7.912962962962966,7.8,7.699999999999999,nan,nan,7.6,nan,nan,7.6,nan,nan,7.6,nan,nan,7.599999999999999,nan,nan,7.599999999999999,nan,nan,7.6
8.4,8.009554140127387,nan,8.4,nan,nan,8.4,nan,nan,8.4,nan,nan,8.4,nan,nan,8.4,nan,nan,8.4,nan,nan,8.4
7.2,7.597916666666667,7.9,7.2,nan,nan,7.2,8.55,8.55,7.2,8.1,8.1,7.5,8.46,8.46,7.328571428571428,7.7,7.7,7.1571428571428575,8.424999999999999,8.424999999999999,7.344444444444444
6.8,7.632258064516127,nan,6.8,6.725,6.725,6.739999999999998,nan,nan,6.8,nan,nan,6.8,6.725,6.725,6.757142857142856,8.8,8.8,7.163636363636363,8.4,8.4,6.923076923076923
7.6,7.632258064516127,7.0,7.300000000000001,7.0,7.0,7.300000000000001,nan,nan,7.599999999999999,nan,nan,7.599999999999999,7.0,7.0,7.449999999999999,nan,nan,7.599999999999999,nan,nan,7.599999999999999
8.6,7.591139240506334,7.9,8.6,8.28,8.28,8.699999999999998,7.8,7.8,8.6,nan,nan,8.6,8.142857142857142,8.142857142857142,8.66,nan,nan,8.6,8.1,8.1,8.554545454545455
7.6,7.827777777777777,nan,7.6,nan,nan,7.6,nan,nan,7.6,nan,nan,7.6,nan,nan,7.599999999999999,nan,nan,7.599999999999999,nan,nan,7.6
7.3,7.8832402234636865,nan,7.3,7.8,7.8,7.4,nan,nan,7.3,nan,nan,7.3,7.8,7.8,7.338461538461539,8.133333333333333,8.133333333333333,7.385714285714286,8.016666666666666,8.016666666666666,7.44074074074074
6.9,7.67794117647059,nan,6.9,nan,nan,6.9,8.666666666666666,8.666666666666666,8.133333333333333,8.200000000000001,8.200000000000001,7.366666666666667,8.433333333333334,8.433333333333334,7.699999999999999,7.7,7.7,6.900000000000001,nan,nan,6.9
8.2,7.730882352941179,8.5,8.299999999999999,8.333333333333332,8.333333333333332,8.36,nan,nan,8.2,nan,nan,8.2,8.333333333333332,8.333333333333332,8.288888888888888,7.9,7.9,8.2,8.366666666666667,8.366666666666667,8.188888888888888
7.9,7.693181818181819,8.133333333333333,7.833333333333333,nan,nan,7.9,nan,nan,7.9,nan,nan,7.9,nan,nan,7.900000000000001,nan,nan,7.900000000000001,nan,nan,7.9
7.2,8.06204379562044,nan,7.2,nan,nan,7.2,nan,nan,7.2,nan,nan,7.2,nan,nan,7.2,nan,nan,7.2,8.466666666666667,8.466666666666667,7.66923076923077
7.7,7.626190476190479,nan,7.7,7.6,7.6,7.5,nan,nan,7.7,nan,nan,7.7,7.6,7.6,7.614285714285714,7.666666666666667,7.666666666666667,7.714285714285714,8.05,8.05,7.7
8.1,8.11196581196581,nan,8.1,nan,nan,8.1,nan,nan,8.1,nan,nan,8.1,nan,nan,8.1,7.933333333333334,7.933333333333334,8.049999999999999,8.5,8.5,8.13076923076923
8.0,7.9664179104477615,nan,8.0,nan,nan,8.0,7.6,7.6,8.0,nan,nan,8.0,7.6,7.6,8.0,nan,nan,8.0,nan,nan,8.0
7.4,7.824999999999998,7.5,7.45,nan,nan,7.4,7.8,7.8,7.4,8.2,8.2,7.4,8.0,8.0,7.400000000000001,nan,nan,7.400000000000001,7.8,7.8,7.4
6.7,8.087619047619047,7.1,6.8999999999999995,7.6,7.6,7.300000000000001,7.6,7.6,7.300000000000001,8.375,8.375,7.7625,7.9875,7.9875,7.485000000000001,7.955555555555555,7.955555555555555,7.495238095238095,7.779999999999999,7.779999999999999,7.15
7.7,7.827380952380946,nan,7.7,6.4,6.4,7.212500000000001,6.4,6.4,7.212500000000001,6.4,6.4,7.212500000000001,6.400000000000001,6.400000000000001,7.212500000000001,6.400000000000001,6.400000000000001,7.212500000000001,6.4,6.4,7.530434782608697
8.2,7.797500000000002,7.550000000000001,7.875,7.25,7.25,7.866666666666666,nan,nan,8.2,nan,nan,8.2,7.25,7.25,8.057142857142857,nan,nan,8.2,nan,nan,8.2
6.8,7.606666666666667,nan,6.8,nan,nan,6.8,nan,nan,6.8,7.6,7.6,6.799999999999999,7.6,7.6,6.799999999999999,7.7,7.7,6.8,7.7,7.7,6.8
7.4,7.897058823529412,nan,7.4,7.9799999999999995,7.9799999999999995,7.599999999999999,nan,nan,7.4,7.900000000000001,7.900000000000001,7.633333333333333,7.95,7.95,7.572727272727271,7.966666666666666,7.966666666666666,7.525,nan,nan,7.4
8.1,7.788235294117648,nan,8.1,7.7,7.7,8.1,nan,nan,8.1,nan,nan,8.1,7.7,7.7,8.1,nan,nan,8.1,nan,nan,8.1
6.6,7.604285714285715,6.8,6.7,6.74,6.74,6.716666666666665,6.8,6.8,6.699999999999999,nan,nan,6.599999999999999,6.75,6.75,6.699999999999999,8.25,8.25,6.75,7.161538461538461,7.161538461538461,6.929787234042554
8.3,8.080575539568343,7.4,8.3,8.549999999999999,8.549999999999999,8.499999999999998,nan,nan,8.3,nan,nan,8.3,8.549999999999999,8.549999999999999,8.442857142857141,nan,nan,8.3,7.9,7.9,8.181818181818182
6.8,8.001877934272303,nan,6.8,nan,nan,6.933333333333334,nan,nan,6.8,nan,nan,6.8,nan,nan,6.857142857142857,8.2,8.2,6.8,7.8,7.8,6.858823529411765
8.4,7.643939393939391,nan,8.4,8.75,8.75,8.633333333333335,8.314285714285713,8.314285714285713,8.6,8.5,8.5,8.584615384615386,8.433333333333332,8.433333333333332,8.605,8.616666666666667,8.616666666666667,8.625000000000002,8.18888888888889,8.18888888888889,8.474285714285715
7.6,7.798387096774195,8.3,7.833333333333333,8.257142857142856,8.257142857142856,7.717948717948718,8.249999999999998,8.249999999999998,7.859999999999997,8.246153846153845,8.246153846153845,7.911111111111108,8.249999999999998,8.249999999999998,7.8166666666666655,8.24375,8.24375,7.823913043478266,8.05,8.05,7.669565217391304
7.5,7.869767441860464,7.733333333333333,7.675,8.6,8.6,7.5,8.0,8.0,7.75,nan,nan,nan,8.3,8.3,7.666666666666667,nan,nan,7.5,nan,nan,7.5
7.2,8.080575539568343,8.674999999999999,8.425,7.9,7.9,7.2,nan,nan,7.2,nan,nan,7.2,7.9,7.9,7.2,nan,nan,7.2,nan,nan,7.12
7.4,7.869767441860464,7.4,7.4,7.4,7.4,7.4,7.4,7.4,7.4,8.1,8.1,7.75,7.633333333333333,7.633333333333333,7.516666666666667,8.1,8.1,7.574999999999999,nan,nan,7.4
7.3,7.695945945945946,nan,7.3,nan,nan,7.3,nan,nan,7.3,nan,nan,7.3,nan,nan,7.3,8.5,8.5,7.3,nan,nan,7.3
7.1,7.695945945945946,nan,7.1,nan,nan,7.1,7.4,7.4,7.1,nan,nan,7.1,7.4,7.4,7.099999999999999,nan,nan,7.099999999999999,nan,nan,7.1
7.3,7.612500000000001,nan,7.3,7.5,7.5,7.366666666666667,7.2,7.2,7.25,nan,nan,7.3,7.35,7.35,7.300000000000001,7.7250000000000005,7.7250000000000005,7.2,7.5,7.5,7.327272727272727
7.5,7.781818181818181,nan,7.5,7.7,7.7,7.5,nan,nan,7.5,7.2,7.2,7.5,7.45,7.45,7.5,7.2,7.2,7.5,7.6,7.6,7.5
8.4,8.071199999999997,8.7,8.475000000000001,8.033333333333333,8.033333333333333,8.157142857142857,7.6,7.6,8.4,nan,nan,8.4,7.925000000000001,7.925000000000001,8.26923076923077,7.4,7.4,8.4,8.342857142857143,8.342857142857143,8.28823529411765
5.8,7.540624999999998,nan,5.8,6.9,6.9,6.550000000000001,nan,nan,5.8,nan,nan,5.8,6.9,6.9,6.175,7.3,7.3,6.26,8.133333333333335,8.133333333333335,6.604166666666667
7.7,7.829670329670334,nan,7.7,nan,nan,7.7,nan,nan,7.7,nan,nan,7.7,nan,nan,7.7,8.0,8.0,7.7749999999999995,7.5,7.5,7.677777777777777
7.4,7.845581395348835,8.4,7.733333333333333,nan,nan,nan,nan,nan,nan,nan,nan,nan,nan,nan,nan,nan,nan,7.4,nan,nan,7.4
6.6,7.528244274809158,7.8,6.599999999999999,nan,nan,6.599999999999999,nan,nan,6.599999999999999,8.7,8.7,6.599999999999999,8.7,8.7,6.599999999999999,8.3,8.3,6.7799999999999985,nan,nan,6.599999999999999
7.8,7.785135135135135,nan,7.8,nan,nan,nan,nan,nan,nan,nan,nan,nan,nan,nan,nan,nan,nan,nan,7.516666666666667,7.516666666666667,7.658333333333334
7.2,7.786111111111111,nan,7.2,nan,nan,7.2,nan,nan,7.2,nan,nan,7.2,nan,nan,7.2,nan,nan,7.2,7.65,7.65,7.2
8.2,7.607874015748029,nan,8.2,nan,nan,8.2,nan,nan,8.2,nan,nan,8.2,nan,nan,8.2,nan,nan,8.2,nan,nan,8.2
7.6,7.485576923076923,8.075000000000001,8.1,8.325,8.325,8.42,nan,nan,7.6,nan,nan,7.6,8.325,8.325,8.185714285714287,8.033333333333333,8.033333333333333,7.522222222222221,7.300000000000001,7.300000000000001,7.4818181818181815
8.4,8.073793103448274,8.475,8.4,8.28,8.28,8.309999999999999,8.28,8.28,8.309999999999999,7.3,7.3,8.4,8.19090909090909,8.19090909090909,8.318181818181818,7.3,7.3,8.4,8.466666666666667,8.466666666666667,8.379999999999999
6.6,7.7879999999999985,nan,6.6,nan,nan,6.6,nan,nan,6.6,nan,nan,6.6,nan,nan,6.599999999999999,7.4,7.4,6.8,nan,nan,6.8
7.2,7.786746987951806,nan,7.2,nan,nan,7.2,7.8,7.8,7.2,nan,nan,7.2,7.8,7.8,7.2,7.4,7.4,7.228571428571429,nan,nan,7.200000000000001
6.9,7.619251336898394,nan,6.9,nan,nan,6.9,nan,nan,6.9,8.7,8.7,6.9,8.7,8.7,6.900000000000001,8.1,8.1,7.071428571428571,nan,nan,6.9
6.6,7.528244274809158,nan,6.599999999999999,7.050000000000001,7.050000000000001,6.9625,7.050000000000001,7.050000000000001,6.9625,7.050000000000001,7.050000000000001,6.9625,7.050000000000001,7.050000000000001,6.962500000000001,7.050000000000001,7.050000000000001,6.962500000000001,7.266666666666667,7.266666666666667,6.909999999999999
8.0,7.7875000000000005,nan,8.0,nan,nan,8.0,nan,nan,8.0,nan,nan,8.0,nan,nan,8.0,nan,nan,8.0,nan,nan,8.0
8.1,7.52191780821918,nan,8.1,6.9,6.9,7.333333333333333,7.2,7.2,8.1,nan,nan,8.1,7.050000000000001,7.050000000000001,7.771428571428572,7.925,7.925,7.966666666666667,nan,nan,8.1
7.2,7.834946236559141,8.1,7.5,7.2,7.2,7.2,nan,nan,7.2,nan,nan,7.2,7.2,7.2,7.199999999999999,nan,nan,7.2,nan,nan,7.2
8.5,7.639864864864861,6.9,7.859999999999999,nan,nan,8.5,7.6499999999999995,7.6499999999999995,7.666666666666667,nan,nan,8.5,7.6499999999999995,7.6499999999999995,8.083333333333334,nan,nan,8.5,7.24,7.24,8.1875
6.3,7.482558139534879,6.699999999999999,6.566666666666666,6.716666666666666,6.716666666666666,6.657142857142855,6.716666666666666,6.716666666666666,6.657142857142855,8.149999999999999,8.149999999999999,6.3,6.921428571428571,6.921428571428571,6.633333333333331,7.5249999999999995,7.5249999999999995,6.209090909090909,8.05,8.05,6.485714285714287
8.0,7.731034482758623,7.95,8.0,nan,nan,8.0,8.3,8.3,8.0,nan,nan,8.0,8.3,8.3,8.0,7.970000000000004,7.970000000000004,8.125,nan,nan,8.0
7.3,7.79715909090909,nan,7.3,8.4,8.4,7.666666666666667,7.4,7.4,7.32,7.949999999999999,7.949999999999999,7.516666666666667,7.925,7.925,7.511764705882352,7.766666666666666,7.766666666666666,7.435714285714286,8.5,8.5,7.3
6.7,7.428695652173911,nan,6.7,6.933333333333333,6.933333333333333,6.666666666666667,nan,nan,6.7,7.7,7.7,6.7,7.124999999999999,7.124999999999999,6.68,7.65,7.65,7.011111111111111,7.1,7.1,6.7
6.2,7.482558139534879,7.3,6.9333333333333345,7.3,7.3,6.9333333333333345,7.6,7.6,6.8999999999999995,nan,nan,6.2,7.3999999999999995,7.3999999999999995,6.800000000000001,8.1,8.1,6.39,nan,nan,6.2
8.3,7.875690607734809,8.5,8.4,8.55,8.55,8.4,nan,nan,8.3,nan,nan,8.3,8.55,8.55,8.350000000000001,nan,nan,8.3,nan,nan,8.3
6.7,8.025210084033613,6.9,6.833333333333333,7.3999999999999995,7.3999999999999995,7.150000000000001,7.3999999999999995,7.3999999999999995,7.150000000000001,8.04,8.04,7.55,7.646153846153846,7.646153846153846,7.303846153846155,7.7555555555555555,7.7555555555555555,7.323809523809524,7.433333333333333,7.433333333333333,7.081818181818182
6.4,7.548691099476436,nan,6.4,7.3999999999999995,7.3999999999999995,6.871428571428572,7.7,7.7,6.833333333333333,8.0,8.0,6.720000000000001,7.55,7.55,6.816666666666666,7.5200000000000005,7.5200000000000005,6.7,nan,nan,6.4
7.9,7.969277108433738,7.2,7.4,7.2,7.2,7.666666666666667,7.5,7.5,7.766666666666667,7.300000000000001,7.300000000000001,7.4,7.325,7.325,7.572727272727272,7.266666666666667,7.266666666666667,7.58,6.949999999999999,6.949999999999999,7.6800000000000015
7.8,8.066666666666665,7.980000000000001,7.866666666666667,7.6,7.6,7.633333333333333,nan,nan,7.8,nan,nan,7.8,7.6,7.6,7.7,nan,nan,7.8,8.0,8.0,7.8
7.8,7.644262295081964,7.233333333333333,7.6,nan,nan,7.8,nan,nan,7.8,nan,nan,7.8,nan,nan,7.8,7.25,7.25,7.6933333333333325,7.199999999999999,7.199999999999999,7.684210526315789
6.6,7.755172413793098,7.2,7.016666666666667,7.300000000000001,7.300000000000001,7.071428571428572,nan,nan,6.599999999999999,nan,nan,6.599999999999999,7.300000000000001,7.300000000000001,6.853846153846154,8.1,8.1,6.599999999999999,7.6,7.6,6.599999999999999
7.5,7.8987755102040795,nan,7.5,8.244444444444445,8.244444444444445,7.75,nan,nan,7.5,7.75,7.75,7.614285714285714,8.154545454545454,8.154545454545454,7.6571428571428575,nan,nan,7.5,7.7,7.7,7.495238095238094
8.4,7.525909090909086,8.1,8.3,8.133333333333335,8.133333333333335,8.419999999999998,nan,nan,8.4,7.65,7.65,8.3,7.94,7.94,8.366666666666667,7.6,7.6,8.080000000000002,nan,nan,8.4
7.3,7.552777777777774,7.766666666666667,7.279999999999999,7.566666666666666,7.566666666666666,7.283333333333332,6.6,6.6,7.159999999999999,nan,nan,7.3,7.324999999999999,7.324999999999999,7.246666666666667,8.1,8.1,7.338461538461539,nan,nan,7.3
6.5,7.601526717557249,nan,6.5,nan,nan,6.5,nan,nan,6.5,nan,nan,6.5,nan,nan,6.5,nan,nan,6.5,nan,nan,6.5
7.8,7.92295081967213,7.3999999999999995,7.742857142857143,nan,nan,7.8,6.6,6.6,7.8,7.9750000000000005,7.9750000000000005,7.922222222222223,7.7,7.7,7.8647058823529425,6.6,6.6,7.8,7.300000000000001,7.300000000000001,7.764705882352941
7.9,7.73728813559322,7.233333333333334,7.4,7.1,7.1,7.9,nan,nan,7.9,nan,nan,7.9,7.1,7.1,7.900000000000001,8.4,8.4,7.900000000000001,7.95,7.95,7.9
7.8,7.812500000000003,nan,7.8,7.199999999999999,7.199999999999999,7.3999999999999995,nan,nan,7.8,nan,nan,7.8,7.199999999999999,7.199999999999999,7.5600000000000005,6.2,6.2,7.509090909090909,nan,nan,7.8
7.2,7.483439490445853,nan,7.2,nan,nan,7.2,nan,nan,7.2,nan,nan,7.2,nan,nan,7.200000000000001,7.285714285714285,7.285714285714285,7.200000000000001,8.8,8.8,7.505882352941177
7.4,7.577483443708603,nan,7.4,nan,nan,7.4,8.4,8.4,7.4,nan,nan,7.4,8.4,8.4,7.400000000000001,8.8,8.8,7.549999999999999,nan,nan,7.4
8.1,8.059558823529409,nan,8.1,nan,nan,8.1,8.2,8.2,8.1,nan,nan,8.1,8.2,8.2,8.1,7.2,7.2,7.85,nan,nan,8.1
7.0,7.998399999999998,8.033333333333333,7.733333333333333,8.225,8.225,7.8,7.0,7.0,6.959999999999999,8.3,8.3,7.433333333333334,7.885714285714286,7.885714285714286,7.421428571428571,7.9,7.9,7.325,nan,nan,7.0
7.3,7.559360730593603,6.6,6.999999999999999,6.8999999999999995,6.8999999999999995,7.074999999999999,6.8999999999999995,6.8999999999999995,7.074999999999999,6.8999999999999995,6.8999999999999995,7.074999999999999,6.8999999999999995,6.8999999999999995,7.074999999999999,6.8999999999999995,6.8999999999999995,7.074999999999999,6.966666666666666,6.966666666666666,7.1066666666666665
7.5,7.747272727272729,7.3,7.433333333333334,8.1,8.1,7.5,7.4,7.4,7.5,7.7,7.7,7.5,7.733333333333333,7.733333333333333,7.5,7.699999999999999,7.699999999999999,7.471428571428571,7.3,7.3,7.477777777777778
8.1,7.832446808510638,8.0,8.1,nan,nan,8.1,nan,nan,8.1,7.433333333333334,7.433333333333334,7.720000000000001,7.433333333333334,7.433333333333334,7.888888888888889,8.5,8.5,8.157142857142857,8.5,8.5,8.144444444444446
6.8,7.804306220095693,nan,6.8,7.0,7.0,6.885714285714285,7.5,7.5,7.08,nan,nan,6.8,7.166666666666667,7.166666666666667,6.933333333333334,7.874999999999999,7.874999999999999,7.016666666666667,8.1,8.1,6.8999999999999995
7.3,7.682500000000004,8.0,7.3,nan,nan,7.3,8.257142857142858,8.257142857142858,7.475,nan,nan,7.3,8.257142857142858,8.257142857142858,7.369999999999999,6.8,6.8,7.25,7.9,7.9,7.385714285714286
6.4,7.6114285714285685,6.8,6.4799999999999995,7.4,7.4,6.814285714285714,7.233333333333333,7.233333333333333,6.825,7.5,7.5,6.44,7.357142857142857,7.357142857142857,6.725,7.2749999999999995,7.2749999999999995,6.738888888888888,7.55,7.55,6.865384615384615
7.8,7.697872340425533,7.6,7.733333333333333,7.6,7.6,7.733333333333333,nan,nan,7.8,nan,nan,7.8,7.6,7.6,7.771428571428571,7.6,7.6,7.771428571428571,nan,nan,7.8
6.8,7.919767441860466,nan,6.8,7.9,7.9,6.8,7.2,7.2,6.8999999999999995,nan,nan,6.8,7.550000000000001,7.550000000000001,6.840000000000001,nan,nan,6.8,7.1,7.1,6.823076923076922
7.8,8.031612903225808,7.95,7.833333333333333,nan,nan,7.8,nan,nan,7.8,nan,nan,7.8,nan,nan,7.799999999999999,7.3,7.3,7.7,8.1,8.1,7.842857142857143
7.1,7.707407407407407,nan,7.1,7.8,7.8,7.1,nan,nan,7.1,nan,nan,7.1,7.8,7.8,7.099999999999999,nan,nan,7.099999999999999,6.9,6.9,7.1
8.3,8.029251700680271,8.233333333333334,8.218181818181819,nan,nan,8.3,nan,nan,8.3,nan,nan,8.3,nan,nan,8.3,8.4,8.4,8.344444444444445,nan,nan,8.2
7.3,7.924299065420563,nan,7.3,nan,nan,7.3,7.433333333333334,7.433333333333334,7.4375,nan,nan,7.3,7.433333333333334,7.433333333333334,7.378571428571429,8.55,8.55,7.527272727272727,8.1,8.1,7.5
7.6,7.58033707865168,7.375,7.38,6.933333333333334,6.933333333333334,7.155555555555556,7.633333333333333,7.633333333333333,7.575,nan,nan,7.599999999999999,7.283333333333334,7.283333333333334,7.390000000000001,7.2,7.2,7.56,nan,nan,7.599999999999999
7.6,7.6940298507462686,7.4,7.44,nan,nan,7.6,7.7,7.7,7.525,nan,nan,7.6,7.7,7.7,7.550000000000001,7.65,7.65,7.62,7.6,7.6,7.6
7.8,7.5054545454545405,nan,7.8,6.875,6.875,7.19,7.26,7.26,7.640000000000001,nan,nan,7.8,7.088888888888889,7.088888888888889,7.416666666666667,7.266666666666667,7.266666666666667,7.473333333333334,7.5,7.5,7.781249999999999
7.4,7.870106761565835,7.7,7.459999999999999,7.2,7.2,7.333333333333333,7.7,7.7,7.459999999999999,nan,nan,7.4,7.45,7.45,7.3933333333333335,8.4,8.4,7.542857142857143,7.7,7.7,7.417647058823529
7.5,7.462244897959184,nan,7.5,nan,nan,7.5,7.4,7.4,7.5,nan,nan,7.5,7.4,7.4,7.5,7.233333333333333,7.233333333333333,7.19,7.1,7.1,7.455555555555555
7.1,7.60224719101123,7.949999999999999,7.44,7.9799999999999995,7.9799999999999995,7.499999999999999,7.7,7.7,7.383333333333333,7.8,7.8,7.275,7.887499999999999,7.887499999999999,7.423809523809522,nan,nan,7.099999999999999,7.25,7.25,7.08
8.0,7.868333333333331,7.8500000000000005,8.120000000000001,nan,nan,8.0,7.275,7.275,7.527272727272728,7.5,7.5,7.875,7.300000000000001,7.300000000000001,7.683333333333334,8.257142857142858,8.257142857142858,8.104347826086956,8.200000000000001,8.200000000000001,8.066666666666666
7.2,7.697872340425533,nan,7.2,nan,nan,7.2,nan,nan,7.2,nan,nan,7.2,nan,nan,7.2,7.425000000000001,7.425000000000001,7.2,7.5200000000000005,7.5200000000000005,7.250000000000001
6.6,7.596728971962613,nan,6.6,6.875,6.875,7.136363636363637,nan,nan,6.6,7.366666666666667,7.366666666666667,6.900000000000001,7.085714285714286,7.085714285714286,6.958333333333333,nan,nan,6.84,nan,nan,6.6
6.7,7.502040816326525,6.566666666666666,6.607692307692308,nan,nan,6.7,nan,nan,6.7,nan,nan,6.7,nan,nan,6.7,8.399999999999999,8.399999999999999,6.971428571428571,6.9941176470588236,6.9941176470588236,6.8428571428571425
8.2,7.624180327868848,8.05,8.157142857142857,nan,nan,8.2,nan,nan,8.2,8.1,8.1,8.162500000000001,8.1,8.1,8.183333333333334,8.139999999999999,8.139999999999999,8.186363636363637,8.0,8.0,8.153846153846153
7.8,8.023287671232875,nan,7.8,nan,nan,7.8,nan,nan,7.8,8.4,8.4,8.1,8.4,8.4,7.949999999999999,7.3,7.3,7.799999999999999,7.25,7.25,7.8
7.4,7.984393063583816,8.1,7.633333333333333,8.166666666666666,8.166666666666666,7.85,nan,nan,7.4,nan,nan,7.4,8.166666666666666,8.166666666666666,7.625,8.05,8.05,7.5625,7.433333333333334,7.433333333333334,7.466666666666667
8.1,7.483076923076922,nan,8.1,nan,nan,8.1,nan,nan,8.1,nan,nan,8.1,nan,nan,8.1,nan,nan,8.1,nan,nan,8.099999999999998
7.6,7.718181818181818,nan,7.6,7.971428571428569,7.971428571428569,7.939130434782606,7.45,7.45,7.566666666666666,nan,nan,7.6,7.887999999999998,7.887999999999998,7.874999999999997,7.956410256410261,7.956410256410261,7.906818181818187,7.050000000000001,7.050000000000001,7.6
7.4,7.60769230769231,nan,7.4,nan,nan,7.4,7.45,7.45,7.4,7.4,7.4,7.4,7.433333333333334,7.433333333333334,7.4,nan,nan,7.400000000000001,nan,nan,7.4
7.3,7.781228668941973,nan,7.3,nan,nan,7.3,nan,nan,7.3,8.3,8.3,7.5,8.3,8.3,7.376923076923077,nan,nan,7.3,7.7,7.7,7.3
6.8,7.7515418502202635,nan,6.8,nan,nan,6.8,6.9,6.9,6.8,nan,nan,6.8,6.9,6.9,6.8,7.449999999999999,7.449999999999999,7.042857142857142,7.7,7.7,6.9
6.9,7.604065040650404,7.675,7.416666666666667,7.066666666666666,7.066666666666666,6.945454545454544,nan,nan,6.8999999999999995,8.260000000000002,8.260000000000002,7.433333333333334,7.812500000000002,7.812500000000002,6.995454545454546,7.3,7.3,6.957142857142857,nan,nan,6.9
6.5,7.642968750000004,nan,6.5,7.3,7.3,6.5,8.166666666666666,8.166666666666666,6.5,nan,nan,6.5,7.95,7.95,6.5,7.4799999999999995,7.4799999999999995,6.825,7.0,7.0,6.5
5.8,7.796108949416347,nan,5.8,6.95,6.95,6.6909090909090905,nan,nan,5.8,7.2,7.2,6.1499999999999995,7.0,7.0,6.422222222222222,nan,nan,5.8,7.275,7.275,6.38
8.3,7.436690647482016,7.8,8.05,nan,nan,8.3,nan,nan,8.3,7.15,7.15,8.3,7.15,7.15,8.3,7.733333333333333,7.733333333333333,8.3,7.5,7.5,8.211111111111112
7.4,7.846240601503757,nan,7.400000000000001,nan,nan,7.4,7.8,7.8,7.5,nan,nan,7.400000000000001,7.8,7.8,7.436363636363637,nan,nan,7.400000000000001,7.8,7.8,7.42857142857143
7.8,7.8400696864111445,7.65,7.685714285714285,7.633333333333333,7.633333333333333,7.8,8.1,8.1,7.859999999999999,7.550000000000001,7.550000000000001,7.674999999999999,7.666666666666667,7.666666666666667,7.7719999999999985,7.8500000000000005,7.8500000000000005,7.627999999999999,7.199999999999999,7.199999999999999,7.744444444444444
8.5,7.972388059701494,nan,8.5,nan,nan,8.5,nan,nan,8.5,nan,nan,8.5,nan,nan,8.5,nan,nan,8.5,8.45,8.45,8.620000000000001
5.7,7.502892561983467,nan,5.7,7.116666666666668,7.116666666666668,6.445454545454544,7.050000000000001,7.050000000000001,6.38,7.8,7.8,6.119999999999999,7.177777777777779,7.177777777777779,6.357692307692307,7.5,7.5,5.838461538461539,nan,nan,5.7
8.0,7.972388059701494,7.3,7.65,7.814285714285714,7.814285714285714,7.983333333333333,6.95,6.95,6.933333333333334,nan,nan,8.0,7.5,7.5,7.5,nan,nan,8.0,7.8,7.8,7.959999999999999
7.0,7.81451612903226,7.42,7.220000000000001,7.533333333333334,7.533333333333334,7.3428571428571425,8.066666666666666,8.066666666666666,7.433333333333334,nan,nan,7.0,7.8,7.8,7.3125,8.1,8.1,7.2,8.08,8.08,7.366666666666666
7.3,7.564534883720926,nan,7.3,nan,nan,7.3,8.3,8.3,7.299999999999999,nan,nan,7.3,8.3,8.3,7.3,7.3,7.3,7.3,7.585714285714286,7.585714285714286,7.583333333333333
8.3,7.655319148936173,8.149999999999999,8.2,8.2,8.2,8.26,nan,nan,8.3,nan,nan,8.3,8.2,8.2,8.281818181818183,nan,nan,8.3,7.585714285714286,7.585714285714286,7.917142857142855
5.9,7.60769230769231,7.8,6.85,6.983333333333334,6.983333333333334,5.9,7.8,7.8,6.4,nan,nan,5.9,7.187500000000001,7.187500000000001,6.15,7.4,7.4,6.275,8.100000000000001,8.100000000000001,6.380000000000001
7.3,7.537089201877933,7.6499999999999995,7.499999999999999,nan,nan,7.3,8.149999999999999,8.149999999999999,7.599999999999999,nan,nan,7.3,8.149999999999999,8.149999999999999,7.428571428571429,7.633333333333333,7.633333333333333,7.423529411764705,nan,nan,7.2823529411764705
7.6,7.718181818181818,7.8,7.666666666666667,7.8,7.8,7.666666666666667,nan,nan,7.6,7.7,7.7,7.6,7.75,7.75,7.628571428571429,8.0,8.0,7.685714285714285,nan,nan,7.6
7.7,7.692035398230084,7.7,7.700000000000001,8.0,8.0,7.75,7.775,7.775,7.700000000000001,8.2,8.2,7.7,7.8999999999999995,7.8999999999999995,7.715789473684212,7.4,7.4,7.7,7.574999999999999,7.574999999999999,7.804166666666667
7.2,7.6628808864265885,nan,7.2,6.8,6.8,7.050000000000001,8.0,8.0,7.333333333333333,7.9,7.9,7.600000000000001,7.65,7.65,7.350000000000001,7.4,7.4,7.233333333333334,7.6625000000000005,7.6625000000000005,7.3210526315789455
7.8,7.50963302752293,7.7,7.822222222222221,8.5,8.5,7.974999999999998,7.760000000000001,7.760000000000001,7.709999999999999,8.5,8.5,8.149999999999999,7.971428571428572,7.971428571428572,7.91785714285714,7.385714285714286,7.385714285714286,7.874999999999998,8.2,8.2,8.069565217391302
7.6,7.388050314465406,7.4,7.6,7.4,7.4,7.6,8.225,8.225,7.6,nan,nan,7.6,8.059999999999999,8.059999999999999,7.6,7.9,7.9,7.883333333333333,7.233333333333333,7.233333333333333,7.154545454545455
7.2,7.947872340425534,7.75,7.533333333333334,6.933333333333334,6.933333333333334,7.022222222222222,nan,nan,7.2,nan,nan,7.2,6.933333333333334,6.933333333333334,7.093333333333334,nan,nan,7.200000000000001,7.699999999999999,7.699999999999999,7.34375
6.9,7.50963302752293,nan,6.900000000000001,nan,nan,6.900000000000001,7.2,7.2,6.9750000000000005,nan,nan,6.900000000000001,7.2,7.2,6.9300000000000015,6.866666666666667,6.866666666666667,6.878571428571428,7.516666666666667,7.516666666666667,7.06
7.6,7.5269662921348335,nan,7.6,7.4,7.4,7.466666666666666,7.4,7.4,7.466666666666666,7.75,7.75,7.7,7.516666666666667,7.516666666666667,7.544444444444445,7.75,7.75,7.660000000000001,7.9,7.9,7.6
7.4,7.785042735042736,nan,7.4,nan,nan,7.566666666666667,7.8,7.8,7.4,7.725,7.725,7.433333333333334,7.739999999999999,7.739999999999999,7.463636363636363,7.5,7.5,7.4142857142857155,nan,nan,7.4
8.0,7.943448275862068,7.5,7.75,7.3,7.3,7.65,nan,nan,8.0,nan,nan,8.0,7.3,7.3,7.825,nan,nan,8.0,6.6,6.6,8.0
7.6,7.810638297872337,nan,7.6,8.0,8.0,7.68,nan,nan,7.366666666666666,nan,nan,7.366666666666666,8.0,8.0,7.458823529411764,8.033333333333333,8.033333333333333,7.75,nan,nan,7.576470588235295
7.9,7.943448275862068,nan,7.9,8.75,8.75,8.466666666666667,nan,nan,7.9,nan,nan,7.9,8.75,8.75,8.239999999999998,7.699999999999999,7.699999999999999,7.8199999999999985,7.599999999999999,7.599999999999999,7.82
6.2,7.524902723735403,nan,6.2,7.449999999999999,7.449999999999999,6.69,7.449999999999999,7.449999999999999,6.69,7.6,7.6,6.4799999999999995,7.4799999999999995,7.4799999999999995,6.648000000000001,7.6,7.6,6.3076923076923075,nan,nan,6.2
6.5,7.552688172043004,6.85,6.75,7.4,7.4,6.990909090909091,7.725,7.725,7.1,8.2,8.2,7.5,7.7749999999999995,7.7749999999999995,7.209090909090909,7.58,7.58,6.857692307692307,7.966666666666668,7.966666666666668,6.716666666666666
7.9,7.955248618784531,nan,7.900000000000001,7.5,7.5,7.900000000000001,nan,nan,7.900000000000001,8.2,8.2,7.900000000000001,7.733333333333333,7.733333333333333,7.900000000000001,nan,nan,7.85,7.5,7.5,7.892307692307693
8.3,7.388050314465406,7.928571428571429,8.166666666666668,8.17,8.17,8.4,7.355555555555556,7.355555555555556,7.3375,8.05,8.05,8.450000000000001,7.809523809523809,7.809523809523809,7.875000000000001,7.44,7.44,7.7625,7.85,7.85,8.277777777777779
6.6,7.422553191489356,6.6,6.6,6.7,6.7,6.6499999999999995,nan,nan,6.599999999999999,8.05,8.05,7.366666666666667,7.6000000000000005,7.6000000000000005,6.926666666666667,7.699999999999999,7.699999999999999,6.65,6.8,6.8,6.639999999999999
5.8,7.538405797101447,7.2,6.266666666666667,7.300000000000001,7.300000000000001,6.266666666666667,7.300000000000001,7.300000000000001,6.266666666666667,7.7,7.7,5.8,7.380000000000001,7.380000000000001,6.15,8.666666666666666,8.666666666666666,5.8,8.3,8.3,5.8
7.2,7.525853658536583,7.3500000000000005,7.312499999999999,7.1,7.1,7.166666666666667,7.625,7.625,7.472727272727273,8.350000000000001,8.350000000000001,7.5,7.56,7.56,7.34074074074074,8.0,8.0,7.200000000000001,7.583333333333332,7.583333333333332,7.454166666666667
6.6,7.580645161290323,nan,6.6,nan,nan,6.6,8.3,8.3,6.6,nan,nan,6.6,8.3,8.3,6.599999999999999,7.35,7.35,6.599999999999999,nan,nan,6.6
7.5,7.745936395759715,nan,7.5,7.65,7.65,7.5,nan,nan,7.5,nan,nan,7.5,7.65,7.65,7.5,nan,nan,7.509090909090909,nan,nan,7.5
7.6,7.681714285714282,8.25,7.962500000000001,nan,nan,7.6,7.65,7.65,7.616666666666667,7.900000000000001,7.900000000000001,7.962500000000001,7.8,7.8,7.757894736842106,7.5,7.5,7.599999999999999,nan,nan,7.6
6.3,7.526190476190468,nan,6.3,6.9142857142857155,6.9142857142857155,6.536363636363635,7.5,7.5,6.7142857142857135,nan,nan,6.3,7.127272727272728,7.127272727272728,6.549999999999998,7.959999999999999,7.959999999999999,6.857894736842105,7.5,7.5,6.544999999999999
7.6,7.6079999999999925,nan,7.6,7.7,7.7,7.6,nan,nan,7.6,8.2,8.2,7.771428571428572,7.949999999999999,7.949999999999999,7.670588235294118,7.7,7.7,7.685,7.857142857142856,7.857142857142856,7.6000000000000005
7.6,7.745936395759715,8.1,7.9,8.1,8.1,7.866666666666667,8.1,8.1,7.866666666666667,8.475,8.475,7.699999999999999,8.2875,8.2875,7.825,7.8999999999999995,7.8999999999999995,7.699999999999999,nan,nan,7.515384615384614
6.9,7.7600732600732565,7.44,7.311111111111111,7.525,7.525,7.257142857142857,nan,nan,6.900000000000001,nan,nan,7.18,7.525,7.525,7.16,nan,nan,7.027272727272728,nan,nan,6.923076923076923
7.8,7.9028735632183915,7.3,7.633333333333333,8.122222222222222,8.122222222222222,8.258333333333333,7.65,7.65,7.7250000000000005,nan,nan,7.8,8.036363636363635,8.036363636363635,8.088888888888889,7.3,7.3,7.728571428571429,7.975,7.975,7.85
7.4,7.499203187250991,7.7250000000000005,7.692307692307693,7.9750000000000005,7.9750000000000005,7.745,7.766666666666667,7.766666666666667,7.621428571428571,nan,nan,7.4,7.85,7.85,7.663157894736844,7.65,7.65,7.6512820512820525,7.622222222222222,7.622222222222222,7.492592592592593
8.0,7.749999999999996,nan,8.0,7.8,7.8,7.92,nan,nan,8.0,nan,nan,8.0,7.8,7.8,7.963636363636363,nan,nan,8.0,6.466666666666666,6.466666666666666,8.0
7.1,7.357485029940118,nan,7.1,7.050000000000001,7.050000000000001,7.700000000000001,8.3,8.3,7.700000000000001,8.05,8.05,7.700000000000001,7.7,7.7,7.7,7.533333333333334,7.533333333333334,7.4,7.6000000000000005,7.6000000000000005,7.072727272727272
5.8,7.641434262948205,6.6,6.233333333333333,6.971428571428571,6.971428571428571,6.666666666666667,nan,nan,5.8,8.428571428571429,8.428571428571429,7.639999999999999,7.7,7.7,6.952000000000001,7.779999999999999,7.779999999999999,6.172727272727272,7.6,7.6,6.126666666666667
8.0,7.78,7.5,8.0,7.8,7.8,8.025,7.8,7.8,8.025,7.4,7.4,7.85,7.666666666666667,7.666666666666667,7.966666666666666,7.3,7.3,7.94,7.275,7.275,7.630000000000001
6.3,7.482575757575758,7.2,6.75,7.2,7.2,6.75,7.2,7.2,6.840000000000001,7.55,7.55,6.925,7.340000000000001,7.340000000000001,6.838461538461539,7.25,7.25,6.3,7.38,7.38,6.685714285714285
7.0,7.699701492537308,7.8,7.0,7.0,7.0,6.971428571428572,nan,nan,7.0,7.8,7.8,7.159999999999999,7.266666666666667,7.266666666666667,7.0375000000000005,7.6,7.6,7.0,7.699999999999999,7.699999999999999,7.0
8.7,7.878723404255317,7.775,8.13,8.122222222222222,8.122222222222222,8.283333333333335,7.6,7.6,8.424999999999999,7.966666666666668,7.966666666666668,8.337499999999999,8.046153846153846,8.046153846153846,8.316666666666666,9.149999999999999,9.149999999999999,8.838461538461539,7.74,7.74,8.309090909090909
6.5,7.677300613496928,7.2,6.640000000000001,7.65,7.65,6.883333333333334,nan,nan,6.5,7.233333333333333,7.233333333333333,6.700000000000001,7.4,7.4,6.71764705882353,7.4,7.4,6.75,nan,nan,6.5
7.4,7.507246376811593,nan,7.4,6.9,6.9,7.15,7.966666666666668,7.966666666666668,7.4,nan,nan,7.4,7.700000000000001,7.700000000000001,7.275,7.5,7.5,7.387500000000001,5.8,5.8,7.222222222222222
7.6,7.831818181818181,nan,7.599999999999999,6.8,6.8,7.3999999999999995,nan,nan,7.599999999999999,8.466666666666667,8.466666666666667,8.033333333333333,8.049999999999999,8.049999999999999,7.738461538461538,7.55,7.55,7.584615384615383,7.0,7.0,7.5214285714285705
6.0,7.482499999999998,6.733333333333334,6.366666666666666,6.828571428571429,6.828571428571429,6.708333333333333,nan,nan,6.0,nan,nan,6.0,6.828571428571429,6.828571428571429,6.404761904761905,6.6,6.6,6.0600000000000005,8.05,8.05,6.094736842105263
7.8,7.463529411764707,7.975,7.8,9.149999999999999,9.149999999999999,7.8,nan,nan,7.8,8.016666666666667,8.016666666666667,7.8,8.3,8.3,7.8,8.1,8.1,7.875,7.725,7.725,7.8
7.9,7.7569536423841,7.550000000000001,7.7,nan,nan,7.900000000000001,7.733333333333334,7.733333333333334,7.816666666666667,7.2,7.2,7.900000000000001,7.6000000000000005,7.6000000000000005,7.858333333333334,7.050000000000001,7.050000000000001,7.8133333333333335,8.3,8.3,7.900000000000001
7.4,7.357485029940118,nan,7.4,nan,nan,7.4,nan,nan,7.4,nan,nan,7.4,nan,nan,7.400000000000001,nan,nan,7.400000000000001,nan,nan,7.400000000000001
6.2,7.385714285714281,nan,6.2,7.8,7.8,7.2666666666666675,7.540000000000001,7.540000000000001,7.090000000000001,7.6,7.6,6.76,7.612500000000001,7.612500000000001,7.087500000000001,7.280000000000001,7.280000000000001,6.872222222222224,7.75,7.75,6.512500000000001
5.1,7.832544378698228,7.65,6.800000000000001,6.8375,6.8375,6.74,6.8375,6.8375,6.74,7.816666666666666,7.816666666666666,7.176923076923076,7.104545454545455,7.104545454545455,6.912121212121213,7.644444444444444,7.644444444444444,6.8478260869565215,7.499999999999999,7.499999999999999,6.344444444444445
6.9,7.4993288590604,nan,6.9,nan,nan,6.9,nan,nan,6.9,7.466666666666666,7.466666666666666,7.0200000000000005,7.466666666666666,7.466666666666666,6.966666666666667,8.3,8.3,6.900000000000001,nan,nan,6.9
5.7,7.335606060606061,8.8,7.250000000000001,nan,nan,5.7,7.55,7.55,5.7,7.5,7.5,6.6,7.5200000000000005,7.5200000000000005,6.15,7.45,7.45,6.1499999999999995,7.459999999999999,7.459999999999999,6.461538461538462
7.6,7.871889400921657,8.379999999999999,8.260000000000002,8.5,8.5,8.349999999999998,8.6,8.6,8.4875,7.816666666666666,7.816666666666666,7.772727272727272,8.253333333333334,8.253333333333334,8.180645161290322,8.175,8.175,7.760000000000001,8.224999999999998,8.224999999999998,7.946666666666667
6.7,7.429085872576171,nan,6.7,nan,nan,6.7,nan,nan,6.7,nan,nan,6.700000000000001,nan,nan,6.7,nan,nan,6.700000000000001,7.400000000000001,7.400000000000001,6.835483870967743
7.6,7.388759689922473,8.05,7.8571428571428585,7.450000000000001,7.450000000000001,7.377777777777777,7.4,7.4,7.599999999999999,8.5,8.5,7.599999999999999,7.533333333333335,7.533333333333335,7.418181818181819,7.874999999999999,7.874999999999999,7.86111111111111,7.099999999999999,7.099999999999999,7.446666666666667
7.2,7.481868131868131,nan,7.2,7.233333333333333,7.233333333333333,7.037500000000001,7.6,7.6,7.2,nan,nan,7.2,7.324999999999999,7.324999999999999,7.107142857142857,nan,nan,7.200000000000001,7.4,7.4,7.215384615384616
7.5,7.380717488789233,7.5,7.5,6.828571428571429,6.828571428571429,7.105555555555555,nan,nan,7.5,nan,nan,7.5,6.828571428571429,6.828571428571429,7.204166666666666,7.114285714285714,7.114285714285714,7.442105263157895,7.15,7.15,7.3999999999999995
7.3,7.555144032921806,7.499999999999999,7.5,7.300000000000001,7.300000000000001,7.316666666666666,7.8,7.8,7.5,7.7,7.7,7.5,7.583333333333333,7.583333333333333,7.43125,8.05,8.05,7.58,7.95,7.95,7.422222222222222
6.7,7.640358744394621,7.2,6.842857142857143,7.26,7.26,6.73125,6.85,6.85,6.7125,8.145454545454546,8.145454545454546,7.8,7.755555555555556,7.755555555555556,7.273469387755101,7.720000000000001,7.720000000000001,7.179166666666667,7.316666666666666,7.316666666666666,6.916666666666667
7.7,7.860606060606062,7.666666666666667,7.675000000000001,7.775,7.775,7.75,7.4,7.4,7.6000000000000005,nan,nan,7.7,7.7,7.7,7.7,7.5,7.5,7.671428571428571,7.1000000000000005,7.1000000000000005,7.683333333333334
8.0,7.580829015544032,nan,8.0,nan,nan,8.0,nan,nan,8.0,6.9,6.9,8.0,6.9,6.9,8.0,7.449999999999999,7.449999999999999,7.925,nan,nan,8.0
7.3,7.581987577639752,7.960000000000001,7.8199999999999985,8.145454545454546,8.145454545454546,7.7749999999999995,nan,nan,7.3,7.4,7.4,7.3,8.083333333333334,8.083333333333334,7.656249999999999,7.5200000000000005,7.5200000000000005,7.489999999999999,7.908333333333334,7.908333333333334,7.621428571428572
7.8,7.832765957446809,nan,7.8,nan,nan,7.8,nan,nan,7.8,6.0,6.0,7.2,6.0,6.0,7.542857142857143,nan,nan,7.8,nan,nan,7.699999999999999
7.7,7.556896551724138,nan,7.7,nan,nan,7.7,nan,nan,7.7,nan,nan,7.7,nan,nan,7.7,nan,nan,7.7,nan,nan,7.7
6.4,7.435238095238094,nan,6.4,7.6,7.6,7.0,8.4,8.4,7.5,nan,nan,6.4,8.266666666666667,8.266666666666667,7.1499999999999995,7.4,7.4,6.65,7.45,7.45,6.566666666666666
6.7,7.479513888888884,7.9750000000000005,7.4,7.8374999999999995,7.8374999999999995,7.0857142857142845,7.7,7.7,6.95,6.7,6.7,6.74,7.630769230769231,7.630769230769231,6.944444444444445,7.8999999999999995,7.8999999999999995,6.9,nan,nan,6.7
6.7,7.435238095238094,7.8,7.25,7.975,7.975,7.0,7.3,7.3,7.449999999999999,8.0,8.0,6.7,7.725,7.725,7.0,7.55,7.55,6.88,7.9,7.9,6.94
8.0,7.736940298507459,7.566666666666667,7.7,8.1,8.1,8.1,8.1,8.1,8.1,nan,nan,8.0,8.1,8.1,8.072727272727272,nan,nan,8.0,nan,nan,8.0
6.8,7.746792452830189,nan,6.8,7.466666666666666,7.466666666666666,6.95,7.4799999999999995,7.4799999999999995,7.075,7.3,7.3,7.028571428571428,7.435714285714285,7.435714285714285,7.02,7.375,7.375,6.815384615384615,7.85,7.85,6.884615384615385
7.2,7.464516129032257,nan,7.2,7.0,7.0,7.159999999999999,6.9,6.9,7.2,6.9,6.9,7.1000000000000005,6.95,6.95,7.1375,7.4750000000000005,7.4750000000000005,7.220000000000001,6.65,6.65,7.0625
6.9,7.586069651741297,nan,6.9,7.866666666666667,7.866666666666667,7.466666666666665,7.65,7.65,7.1499999999999995,7.633333333333333,7.633333333333333,7.262500000000001,7.7250000000000005,7.7250000000000005,7.313043478260869,7.833333333333333,7.833333333333333,7.035714285714286,7.65,7.65,6.994736842105263
7.2,7.863730569948188,7.566666666666667,7.437500000000001,7.0,7.0,7.12,7.199999999999999,7.199999999999999,7.35,7.4,7.4,7.371428571428573,7.2,7.2,7.2875000000000005,7.466666666666666,7.466666666666666,7.257142857142858,7.2,7.2,7.2
8.5,7.340579710144928,8.033333333333333,8.22857142857143,6.880000000000001,6.880000000000001,7.366666666666665,8.1,8.1,8.3,nan,nan,8.5,6.990909090909091,6.990909090909091,7.652380952380952,7.6,7.6,8.255555555555556,7.733333333333334,7.733333333333334,8.363636363636363
6.8,7.487333333333329,nan,6.8,8.35,8.35,7.2,nan,nan,6.8,7.714285714285715,7.714285714285715,7.359999999999999,7.855555555555556,7.855555555555556,7.253333333333333,7.742857142857142,7.742857142857142,6.933333333333334,7.2,7.2,6.8199999999999985
7.6,7.701845018450184,7.966666666666666,7.775,6.8,6.8,7.6,7.8,7.8,7.666666666666667,nan,nan,7.6,7.133333333333333,7.133333333333333,7.628571428571429,7.35,7.35,7.457142857142857,7.5,7.5,7.539999999999999
7.4,7.662232779097388,8.35,7.56,7.4,7.4,7.4,7.433333333333334,7.433333333333334,7.4,7.9,7.9,7.6499999999999995,7.583333333333333,7.583333333333333,7.525,7.333333333333333,7.333333333333333,7.422222222222222,7.619999999999999,7.619999999999999,7.447826086956521
6.8,7.556896551724138,7.699999999999999,7.32,7.699999999999999,7.699999999999999,7.32,7.6,7.6,7.199999999999999,7.933333333333333,7.933333333333333,7.4,7.8,7.8,7.314285714285715,7.38,7.38,7.0,nan,nan,6.8
8.6,7.724806201550384,nan,8.6,8.4,8.4,8.533333333333333,nan,nan,8.6,nan,nan,8.6,8.4,8.4,8.571428571428571,8.05,8.05,8.110000000000001,7.533333333333334,7.533333333333334,8.390909090909092
6.9,7.485194805194803,6.333333333333333,6.609090909090909,7.066666666666666,7.066666666666666,7.110000000000001,7.3,7.3,7.014285714285713,6.7,6.7,6.866666666666666,7.040000000000001,7.040000000000001,7.017391304347826,7.6000000000000005,7.6000000000000005,7.084210526315789,7.699999999999999,7.699999999999999,7.041666666666667
7.6,7.678700361010828,7.9399999999999995,7.74,6.825,6.825,6.9799999999999995,8.016666666666666,8.016666666666666,7.983333333333334,7.0,7.0,7.3,7.313333333333333,7.313333333333333,7.345000000000001,7.24,7.24,7.3500000000000005,7.6,7.6,7.441666666666666
7.0,7.205319148936169,7.666666666666667,7.3,7.533333333333334,7.533333333333334,7.3,7.166666666666667,7.166666666666667,6.966666666666666,8.3,8.3,7.0,7.485714285714287,7.485714285714287,7.122222222222222,7.649999999999999,7.649999999999999,6.9799999999999995,7.725,7.725,7.12
6.4,7.426562499999999,nan,6.400000000000001,8.5,8.5,8.5,8.5,8.5,8.5,8.15,8.15,8.266666666666667,8.325,8.325,8.4,8.216666666666667,8.216666666666667,8.311111111111112,8.075,8.075,8.22
6.9,7.689677419354837,7.5,6.900000000000001,7.15,7.15,7.025,7.5,7.5,6.900000000000001,8.2,8.2,7.2250000000000005,7.5,7.5,7.0636363636363635,5.8,5.8,6.790000000000001,7.277777777777778,7.277777777777778,7.191666666666667
7.6,7.462376237623761,7.699999999999999,7.666666666666667,7.699999999999999,7.699999999999999,7.666666666666667,nan,nan,7.599999999999999,5.7,5.7,7.599999999999999,7.033333333333332,7.033333333333332,7.633333333333333,7.65,7.65,7.65,7.6,7.6,7.619047619047619
8.0,7.493269230769234,7.6,7.833333333333332,nan,nan,8.0,7.4799999999999995,7.4799999999999995,7.684999999999998,nan,nan,8.0,7.4799999999999995,7.4799999999999995,7.814705882352939,7.3999999999999995,7.3999999999999995,7.731764705882357,7.645454545454545,7.645454545454545,7.866666666666666
7.2,7.637133550488595,7.55,7.333333333333333,7.3,7.3,7.24,7.425000000000001,7.425000000000001,7.3,7.2,7.2,7.2,7.366666666666667,7.366666666666667,7.257142857142857,nan,nan,7.200000000000001,7.525,7.525,7.241176470588235
7.5,7.501020408163265,8.25,7.5,8.0,8.0,7.5,7.6000000000000005,7.6000000000000005,7.6,8.399999999999999,8.399999999999999,7.5,7.933333333333333,7.933333333333333,7.555555555555555,7.116666666666667,7.116666666666667,7.6000000000000005,7.4,7.4,7.5
6.4,7.4582822085889555,7.660000000000001,7.3500000000000005,8.0,8.0,6.933333333333334,7.025,7.025,6.375,nan,nan,6.4,7.442857142857143,7.442857142857143,6.566666666666666,7.55,7.55,6.528571428571429,7.3875,7.3875,6.713333333333334
6.5,7.4383720930232515,7.4,6.859999999999999,7.175000000000001,7.175000000000001,6.862499999999999,8.0,8.0,6.966666666666666,7.4,7.4,6.859999999999999,7.645454545454546,7.645454545454546,6.894736842105263,7.449999999999999,7.449999999999999,6.91764705882353,7.0,7.0,6.747368421052631
7.9,7.839548022598869,nan,7.9,8.35,8.35,8.25,8.200000000000001,8.200000000000001,8.066666666666668,7.5,7.5,7.9,8.154545454545454,8.154545454545454,8.175,7.733333333333333,7.733333333333333,7.816666666666666,8.0,8.0,7.9
7.7,7.855769230769231,7.9,7.75,7.9,7.9,7.779999999999999,6.9,6.9,7.725,8.5,8.5,7.8999999999999995,7.550000000000001,7.550000000000001,7.799999999999999,7.9,7.9,7.720000000000001,nan,nan,7.700000000000001
6.7,7.411567164179104,7.328571428571428,7.145454545454545,7.12,7.12,7.073333333333333,7.316666666666666,7.316666666666666,7.168750000000001,8.0,8.0,7.4300000000000015,7.5,7.5,7.197560975609757,7.06,7.06,6.911111111111111,7.355555555555556,7.355555555555556,7.166666666666667
6.9,7.581797752808993,nan,6.9,8.181818181818183,8.181818181818183,7.805555555555555,nan,nan,6.9,nan,nan,6.9,8.181818181818183,8.181818181818183,7.526923076923077,nan,nan,6.900000000000001,7.8538461538461535,7.8538461538461535,7.423333333333332
7.5,7.517989417989417,7.3,7.4,8.0,8.0,7.4875,7.2,7.2,7.3999999999999995,nan,nan,7.5,7.8,7.8,7.4692307692307685,7.7,7.7,7.614285714285714,7.471428571428571,7.471428571428571,7.435714285714285
8.0,7.839548022598869,7.3,8.0,8.35,8.35,8.25,nan,nan,8.0,nan,nan,7.45,8.35,8.35,8.081818181818182,8.0,8.0,8.0,7.8,7.8,7.959999999999999
6.2,7.391269841269841,6.8,6.3999999999999995,7.4,7.4,6.2,6.7,6.7,6.366666666666667,7.6,7.6,6.666666666666667,7.275,7.275,6.4375,7.6000000000000005,7.6000000000000005,6.3428571428571425,7.130000000000001,7.130000000000001,6.361538461538462
8.4,7.797609561752988,nan,8.4,7.733333333333334,7.733333333333334,7.8999999999999995,nan,nan,8.4,7.233333333333334,7.233333333333334,7.76,7.483333333333334,7.483333333333334,7.92,7.733333333333334,7.733333333333334,8.15,6.966666666666666,6.966666666666666,8.009090909090908
6.1,7.545804988662137,nan,6.1,7.7,7.7,7.057142857142856,nan,nan,6.1,nan,nan,6.1,7.7,7.7,6.658333333333332,7.574999999999999,7.574999999999999,6.415789473684211,7.839999999999999,7.839999999999999,6.503846153846155
7.8,7.588131868131877,nan,7.8,8.1,8.1,7.849999999999999,nan,nan,7.8,nan,nan,7.8,8.1,8.1,7.81875,nan,nan,7.8,7.6,7.6,7.791304347826086
7.0,7.391269841269841,nan,7.0,nan,nan,7.0,8.0,8.0,7.5,7.2,7.2,7.0,7.6,7.6,7.25,7.3875,7.3875,7.091666666666666,6.766666666666667,6.766666666666667,6.944444444444445
8.3,8.135714285714284,nan,8.3,8.083333333333334,8.083333333333334,8.400000000000002,7.6571428571428575,7.6571428571428575,8.3,7.400000000000001,7.400000000000001,8.3,7.76875,7.76875,8.366666666666667,7.4,7.4,8.3,7.4,7.4,8.3
6.4,7.3025773195876305,nan,6.4,nan,nan,6.4,8.0,8.0,6.933333333333334,7.0,7.0,6.85,7.25,7.25,6.800000000000001,7.366666666666667,7.366666666666667,6.866666666666666,7.6,7.6,6.4
6.6,7.637133550488595,nan,6.599999999999999,nan,nan,6.599999999999999,nan,nan,6.599999999999999,7.9,7.9,6.925000000000001,7.9,7.9,6.7299999999999995,7.25,7.25,6.718181818181819,7.3,7.3,6.7
5.9,7.417757009345788,nan,5.9,6.8,6.8,5.999999999999999,6.033333333333334,6.033333333333334,5.979999999999999,nan,nan,5.9,6.2250000000000005,6.2250000000000005,5.97391304347826,7.7,7.7,6.239999999999999,nan,nan,5.9
7.8,7.772661870503597,nan,7.8,7.9692307692307685,7.9692307692307685,8.030000000000001,nan,nan,7.8,nan,nan,7.8,7.9692307692307685,7.9692307692307685,7.991666666666667,nan,nan,7.8,7.816666666666667,7.816666666666667,8.003703703703705
7.5,7.6610824742268075,8.3,7.5,7.433333333333334,7.433333333333334,7.476923076923076,8.114285714285716,8.114285714285716,7.500000000000001,7.55,7.55,7.611111111111111,7.766666666666667,7.766666666666667,7.521212121212121,7.6,7.6,7.5181818181818185,7.733333333333334,7.733333333333334,7.55625
6.6,7.411666666666665,6.8,6.7,7.833333333333333,7.833333333333333,6.959999999999999,6.8,6.8,6.7,7.51111111111111,7.51111111111111,7.233333333333333,7.53076923076923,7.53076923076923,7.0666666666666655,7.557142857142857,7.557142857142857,7.093333333333334,6.8,6.8,6.666666666666667
6.3,7.322857142857135,7.1,6.62,6.610000000000001,6.610000000000001,6.468750000000001,nan,nan,6.38,7.2,7.2,6.8999999999999995,6.746153846153847,6.746153846153847,6.560714285714285,6.7,6.7,6.339999999999999,7.0,7.0,6.392857142857143
6.9,7.382885906040262,nan,6.9,nan,nan,6.779999999999999,nan,nan,6.9,nan,nan,6.9,nan,nan,6.8538461538461535,7.45,7.45,7.076190476190478,nan,nan,6.9
7.9,7.772661870503597,7.900000000000001,8.066666666666668,8.25,8.25,8.243749999999999,7.0,7.0,7.32,6.6000000000000005,6.6000000000000005,7.12,7.676923076923076,7.676923076923076,7.849999999999999,7.1,7.1,7.900000000000001,7.514285714285713,7.514285714285713,7.823529411764706
7.7,7.355905511811022,nan,7.7,nan,nan,7.7,nan,nan,7.7,nan,nan,7.7,nan,nan,7.7,nan,nan,7.7,nan,nan,7.7
7.6,7.6610824742268075,6.85,7.159999999999999,7.066666666666667,7.066666666666667,7.3428571428571425,8.1,8.1,8.128571428571428,nan,nan,7.599999999999999,7.818181818181818,7.818181818181818,7.833333333333333,8.075,8.075,7.821428571428571,7.8,7.8,7.6
6.6,7.399428571428571,nan,6.6,6.610000000000001,6.610000000000001,6.5375000000000005,6.6,6.6,6.6,nan,nan,6.6,6.609090909090909,6.609090909090909,6.558333333333334,7.62,7.62,6.7437499999999995,7.2555555555555555,7.2555555555555555,6.905882352941177
6.5,7.2768558951965066,7.25,6.875,7.428571428571429,7.428571428571429,6.833333333333333,7.533333333333332,7.533333333333332,6.875,7.025,7.025,6.62,7.3357142857142845,7.3357142857142845,6.7733333333333325,6.779999999999999,6.779999999999999,6.627272727272728,7.15,7.15,6.630000000000001
6.6,7.411666666666665,nan,6.6,nan,nan,6.6,nan,nan,6.6,6.9,6.9,6.75,6.9,6.9,6.675,6.9,6.9,6.599999999999999,nan,nan,6.6
8.1,7.440329218106995,7.4,7.82,7.220000000000001,7.220000000000001,7.425000000000002,nan,nan,8.1,7.6,7.6,8.1,7.283333333333334,7.283333333333334,7.650000000000001,7.2749999999999995,7.2749999999999995,7.540000000000001,7.222222222222222,7.222222222222222,7.5476190476190474
8.0,7.402611940298502,7.833333333333335,7.890000000000001,7.6,7.6,7.840000000000001,7.55,7.55,7.766666666666666,7.8,7.8,7.875,7.659999999999999,7.659999999999999,7.819999999999999,7.95,7.95,8.03,7.333333333333333,7.333333333333333,7.873333333333333
7.2,7.571590909090916,7.9,7.4,8.114285714285716,8.114285714285716,7.525,7.8,7.8,7.300000000000001,6.7,6.7,7.012500000000001,7.922222222222223,7.922222222222223,7.343333333333334,6.949999999999999,6.949999999999999,7.113043478260869,7.6,7.6,7.256521739130435
8.1,7.846320346320345,nan,8.1,nan,nan,8.1,7.949999999999999,7.949999999999999,8.057142857142857,nan,nan,8.1,7.949999999999999,7.949999999999999,8.076923076923077,nan,nan,8.1,nan,nan,8.1
6.9,7.617158176943704,6.95,6.928571428571429,7.628571428571429,7.628571428571429,7.355555555555558,nan,nan,6.900000000000001,nan,nan,6.900000000000001,7.628571428571429,7.628571428571429,7.241666666666667,7.6,7.6,7.027272727272728,7.266666666666667,7.266666666666667,6.93888888888889
6.2,7.366513761467896,7.900000000000001,6.9222222222222225,7.027272727272728,7.027272727272728,6.717391304347826,8.059999999999999,8.059999999999999,6.2,nan,nan,6.2,7.3500000000000005,7.3500000000000005,6.5606060606060606,6.666666666666667,6.666666666666667,6.333333333333335,7.459999999999999,7.459999999999999,6.514285714285714
7.7,7.816923076923077,8.6,8.15,7.25,7.25,7.25,7.800000000000001,7.800000000000001,7.45,nan,nan,7.7,7.525,7.525,7.388888888888889,8.2,8.2,7.9,8.6,8.6,7.880000000000001
6.7,7.403137254901957,7.666666666666667,7.171428571428572,7.220000000000001,7.220000000000001,7.2,nan,nan,6.7,nan,nan,6.7,7.220000000000001,7.220000000000001,6.95,6.9,6.9,6.720000000000001,7.2,7.2,6.738461538461538
6.8,7.616623376623382,nan,6.8,7.25,7.25,7.155555555555555,7.25,7.25,7.155555555555555,6.0,6.0,6.6000000000000005,7.0,7.0,7.054545454545454,6.0,6.0,6.719999999999999,8.0,8.0,6.971428571428572
8.9,7.846320346320345,7.833333333333335,8.237499999999999,nan,nan,8.9,8.1,8.1,8.499999999999998,nan,nan,8.9,8.1,8.1,8.7,7.15,7.15,8.9,nan,nan,8.9
6.8,7.665014577259476,7.4,6.8,6.911111111111111,6.911111111111111,6.938461538461538,6.9,6.9,6.8500000000000005,7.7375,7.7375,7.541666666666665,7.277777777777778,7.277777777777778,7.154838709677418,7.85,7.85,7.107692307692308,7.280000000000001,7.280000000000001,7.0666666666666655
7.8,7.422706422018357,6.4,7.3999999999999995,8.075000000000001,8.075000000000001,7.980000000000002,7.2,7.2,7.475,nan,nan,7.8,7.950000000000001,7.950000000000001,7.850000000000001,7.466666666666666,7.466666666666666,7.672222222222222,6.550000000000001,6.550000000000001,7.556000000000001
7.8,7.641717791411048,6.4,7.5200000000000005,7.099999999999999,7.099999999999999,7.175,7.066666666666666,7.066666666666666,7.4399999999999995,8.2,8.2,7.88,7.1909090909090905,7.1909090909090905,7.403703703703704,7.477777777777779,7.477777777777779,7.742105263157893,8.1,8.1,7.833333333333333
7.6,7.720220588235291,nan,7.599999999999999,7.550000000000001,7.550000000000001,7.400000000000001,7.56,7.56,7.575,7.6,7.6,7.599999999999999,7.5625,7.5625,7.517647058823529,8.1,8.1,7.599999999999999,nan,nan,7.599999999999999
8.0,7.719354838709676,nan,8.0,nan,nan,8.0,nan,nan,8.0,nan,nan,8.0,nan,nan,8.0,nan,nan,8.0,nan,nan,8.0
7.8,7.593846153846157,nan,7.8,nan,nan,7.8,nan,nan,7.8,nan,nan,7.8,nan,nan,7.8,6.4,6.4,7.6923076923076925,6.8,6.8,7.688888888888889
6.5,7.571590909090916,8.0,6.928571428571429,6.7,6.7,6.5,7.800000000000001,7.800000000000001,6.975,nan,nan,6.5,7.140000000000001,7.140000000000001,6.69,7.1000000000000005,7.1000000000000005,6.768000000000001,7.733333333333333,7.733333333333333,6.7
8.0,7.6610824742268075,6.4750000000000005,7.022222222222222,7.366666666666667,7.366666666666667,7.6625,6.9,6.9,7.725,7.9399999999999995,7.9399999999999995,7.954545454545454,7.633333333333332,7.633333333333332,7.813043478260869,7.3500000000000005,7.3500000000000005,7.7333333333333325,7.409999999999999,7.409999999999999,7.758333333333333
8.0,7.567088607594934,nan,8.0,nan,nan,8.0,7.749999999999999,7.749999999999999,8.1,7.1000000000000005,7.1000000000000005,7.790000000000001,7.471428571428571,7.471428571428571,7.956666666666667,7.533333333333334,7.533333333333334,8.0,nan,nan,8.0
7.8,7.816923076923077,nan,7.8,7.866666666666667,7.866666666666667,7.966666666666668,nan,nan,7.8,7.449999999999999,7.449999999999999,7.8,7.7,7.7,7.9,7.4,7.4,7.775,7.433333333333334,7.433333333333334,7.457142857142857
6.1,7.346808510638297,nan,6.1,7.0,7.0,6.550000000000001,7.5,7.5,7.033333333333334,7.3999999999999995,7.3999999999999995,6.766666666666666,7.371428571428571,7.371428571428571,6.823076923076924,6.8,6.8,6.460000000000001,7.3999999999999995,7.3999999999999995,6.391666666666667
5.5,7.3505446623093755,7.5200000000000005,6.872727272727272,6.971428571428571,6.971428571428571,6.486666666666667,7.8,7.8,5.96,nan,nan,5.5,7.074999999999999,7.074999999999999,6.212500000000001,6.4,6.4,5.628571428571428,6.85,6.85,5.827272727272727
6.9,7.304285714285712,nan,6.9,nan,nan,6.95,nan,nan,6.9,7.3999999999999995,7.3999999999999995,6.9,7.3999999999999995,7.3999999999999995,6.933333333333334,7.5,7.5,7.033333333333334,7.51,7.51,7.071428571428571
7.9,7.304285714285712,nan,7.9,nan,nan,7.9,nan,nan,7.9,nan,nan,7.9,nan,nan,7.900000000000001,nan,nan,7.900000000000001,nan,nan,7.8999999999999995
6.9,7.5490494296578,6.9,6.8999999999999995,8.053846153846154,8.053846153846154,7.660000000000002,7.6000000000000005,7.6000000000000005,7.354545454545453,6.9,6.9,6.8999999999999995,7.888888888888889,7.888888888888889,7.445454545454546,7.4,7.4,7.0600000000000005,7.233333333333334,7.233333333333334,6.908695652173913
7.9,7.63567567567568,7.5,7.82,7.8500000000000005,7.8500000000000005,7.933333333333334,8.4,8.4,7.900000000000001,6.6,6.6,7.575000000000001,7.733333333333334,7.733333333333334,7.815384615384617,7.9750000000000005,7.9750000000000005,7.922222222222222,7.499999999999999,7.499999999999999,7.633333333333335
7.3,7.304285714285712,nan,7.3,nan,nan,6.95,nan,nan,7.3,nan,nan,7.3,nan,nan,7.066666666666666,7.2555555555555555,7.2555555555555555,7.1,7.566666666666667,7.566666666666667,7.3428571428571425
8.8,7.754545454545451,7.45,8.166666666666666,7.25,7.25,7.5875,nan,nan,8.8,6.9,6.9,8.166666666666666,7.18,7.18,7.907692307692309,8.0,8.0,8.488888888888889,7.65,7.65,8.68888888888889
7.1,7.602650602409646,nan,7.099999999999999,nan,nan,7.099999999999999,nan,nan,7.099999999999999,8.4,8.4,7.425000000000001,8.4,8.4,7.2299999999999995,nan,nan,7.099999999999999,8.1,8.1,7.242857142857142
7.6,7.521296296296297,nan,7.6,7.7,7.7,7.566666666666666,7.525,7.525,7.366666666666667,nan,nan,7.6,7.583333333333333,7.583333333333333,7.5,6.990909090909091,6.990909090909091,7.222222222222222,7.449999999999999,7.449999999999999,7.6000000000000005
7.0,7.329124236252552,7.249999999999999,7.168749999999999,7.050000000000001,7.050000000000001,7.019999999999999,8.5,8.5,7.266666666666667,8.3,8.3,7.216666666666666,7.511111111111112,7.511111111111112,7.103124999999999,8.175,8.175,7.38695652173913,7.311111111111111,7.311111111111111,7.037499999999999
7.5,7.786915887850473,7.9,7.633333333333333,7.7,7.7,7.571428571428571,8.1,8.1,7.757142857142858,nan,nan,7.5,7.9399999999999995,7.9399999999999995,7.627777777777778,7.3,7.3,7.428571428571429,7.95,7.95,7.590000000000001
7.3,7.7688963210702315,7.58,7.4875,6.6,6.6,7.066666666666666,7.566666666666666,7.566666666666666,7.425,7.466666666666666,7.466666666666666,7.5,7.385714285714285,7.385714285714285,7.376923076923077,7.766666666666667,7.766666666666667,7.4624999999999995,7.675000000000001,7.675000000000001,7.552941176470589
6.4,7.439655172413791,nan,6.4,7.3999999999999995,7.3999999999999995,7.057142857142858,7.199999999999999,7.199999999999999,6.933333333333334,7.65,7.65,7.114285714285715,7.466666666666665,7.466666666666665,7.040000000000001,7.433333333333333,7.433333333333333,7.169999999999999,7.1,7.1,6.911764705882353
8.9,7.7688963210702315,8.4,8.65,8.4,8.4,8.733333333333333,8.4,8.4,8.733333333333333,nan,nan,8.9,8.4,8.4,8.757142857142856,7.422222222222222,7.422222222222222,8.346153846153847,7.318181818181818,7.318181818181818,8.28125
4.8,7.371713147410355,nan,4.8,7.550000000000001,7.550000000000001,5.82,7.3,7.3,5.8,6.9,6.9,6.25,7.142857142857143,7.142857142857143,6.029999999999999,7.083333333333332,7.083333333333332,5.341666666666666,7.166666666666667,7.166666666666667,4.8
7.2,7.370846394984321,nan,7.2,7.2,7.2,7.2,7.949999999999999,7.949999999999999,7.675,6.6,6.6,6.8999999999999995,7.589999999999999,7.589999999999999,7.3,8.2,8.2,7.208333333333333,7.375,7.375,7.157142857142857
6.6,7.356380510440837,nan,6.6,7.166666666666667,7.166666666666667,6.8999999999999995,nan,nan,6.6,nan,nan,6.6,7.166666666666667,7.166666666666667,6.757142857142856,7.85,7.85,6.7666666666666675,7.155555555555555,7.155555555555555,6.869387755102041
7.0,7.30693430656934,5.9,6.56,7.187499999999998,7.187499999999998,7.153846153846154,7.4,7.4,7.0,nan,nan,7.0,7.21111111111111,7.21111111111111,7.105263157894737,nan,nan,7.0,7.1800000000000015,7.1800000000000015,6.887499999999999
7.6,7.261077844311377,nan,7.6,nan,nan,7.6,nan,nan,7.6,7.15,7.15,7.375,7.15,7.15,7.4875,7.1000000000000005,7.1000000000000005,7.5,7.637500000000001,7.637500000000001,7.5200000000000005
8.1,7.7469841269841275,8.0,8.05,nan,nan,8.1,nan,nan,8.1,nan,nan,8.1,nan,nan,8.1,nan,nan,8.1,nan,nan,8.1
9.3,7.7688963210702315,nan,9.3,7.199999999999999,7.199999999999999,8.25,7.625000000000001,7.625000000000001,8.16,7.32,7.32,7.762499999999999,7.409090909090909,7.409090909090909,7.994117647058822,7.166666666666667,7.166666666666667,9.3,7.483333333333333,7.483333333333333,8.576923076923077
7.2,7.276566757493187,8.15,7.825000000000001,6.958333333333333,6.958333333333333,6.933333333333334,7.366666666666666,7.366666666666666,7.375000000000001,nan,nan,7.2,7.094444444444444,7.094444444444444,7.082758620689655,7.066666666666666,7.066666666666666,7.128571428571428,7.640000000000001,7.640000000000001,7.233333333333333
6.8,7.444290657439445,nan,6.8,nan,nan,6.874999999999999,7.6,7.6,7.0,nan,nan,7.325,7.6,7.6,7.01875,6.800000000000001,6.800000000000001,6.8,7.433333333333334,7.433333333333334,6.875
6.3,7.575982532751101,nan,6.3,nan,nan,6.299999999999999,7.0249999999999995,7.0249999999999995,6.6,nan,nan,6.3,7.0249999999999995,7.0249999999999995,6.4363636363636365,7.3999999999999995,7.3999999999999995,6.784210526315788,8.066666666666668,8.066666666666668,6.578947368421052
7.3,7.304285714285712,7.675000000000001,7.35,7.199999999999999,7.199999999999999,7.3,6.95,6.95,7.25,7.9799999999999995,7.9799999999999995,7.85,7.577777777777777,7.577777777777777,7.5,7.799999999999999,7.799999999999999,7.533333333333334,7.322222222222223,7.322222222222223,7.442857142857142
8.5,7.650235849056608,nan,8.5,nan,nan,8.5,7.633333333333333,7.633333333333333,8.4,7.81,7.81,7.968749999999999,7.769230769230769,7.769230769230769,8.162962962962963,7.880000000000001,7.880000000000001,8.193548387096774,6.6,6.6,8.5
8.1,7.723355263157892,7.7,8.1,8.0,8.0,8.066666666666666,8.05,8.05,8.066666666666668,nan,nan,8.1,8.033333333333333,8.033333333333333,8.072727272727274,6.7,6.7,7.8999999999999995,8.9,8.9,8.18888888888889
5.4,7.244193548387089,7.1000000000000005,5.400000000000001,7.4,7.4,6.408333333333334,7.375,7.375,6.044444444444443,6.95,6.95,5.81111111111111,7.253846153846154,7.253846153846154,6.12,7.1,7.1,5.800000000000001,7.463636363636363,7.463636363636363,6.171428571428573
6.3,7.307297297297295,7.2222222222222205,6.968750000000001,6.583333333333333,6.583333333333333,6.33809523809524,7.65,7.65,6.742857142857143,7.8,7.8,7.05,6.806666666666667,6.806666666666667,6.5470588235294125,7.022222222222222,7.022222222222222,6.782142857142858,6.800000000000001,6.800000000000001,6.419999999999999
6.8,7.448601864181094,nan,6.8,nan,nan,6.8,nan,nan,6.8,7.9,7.9,6.983333333333333,7.9,7.9,6.86875,7.35,7.35,6.942857142857143,7.1000000000000005,7.1000000000000005,6.800000000000001
6.9,7.561590909090916,nan,6.900000000000001,nan,nan,6.900000000000001,nan,nan,6.900000000000001,nan,nan,6.900000000000001,nan,nan,6.900000000000001,nan,nan,6.807692307692308,7.7,7.7,7.1000000000000005
6.3,7.295940959409589,nan,6.3,6.95,6.95,6.399999999999999,nan,nan,6.3,7.75,7.75,6.566666666666666,7.216666666666666,7.216666666666666,6.423076923076922,7.650000000000001,7.650000000000001,6.3,6.4,6.4,6.311111111111112
7.6,7.605128205128211,6.95,7.3571428571428585,7.56,7.56,7.65,7.285714285714286,7.285714285714286,7.618181818181818,7.2857142857142865,7.2857142857142865,7.42,7.3578947368421055,7.3578947368421055,7.564516129032258,7.628571428571429,7.628571428571429,7.60952380952381,6.6,6.6,7.611764705882353
6.0,7.324999999999996,nan,6.0,7.1,7.1,6.666666666666665,nan,nan,6.0,7.6,7.6,6.640000000000001,7.266666666666666,7.266666666666666,6.514285714285713,7.805263157894735,7.805263157894735,7.521818181818187,7.220000000000001,7.220000000000001,6.23125
6.4,7.26601307189542,nan,6.4,nan,nan,6.4,8.1,8.1,7.25,6.2,6.2,6.266666666666667,6.833333333333333,6.833333333333333,6.616666666666667,7.68,7.68,6.400000000000001,7.38,7.38,6.862499999999999
8.2,7.751955307262571,7.8500000000000005,8.085714285714287,7.957142857142856,7.957142857142856,8.092857142857143,6.866666666666667,6.866666666666667,7.874999999999999,7.65,7.65,8.068750000000001,7.722222222222222,7.722222222222222,8.066666666666668,7.85,7.85,8.236363636363636,7.700000000000001,7.700000000000001,8.236363636363636
8.4,7.616550116550123,nan,8.4,nan,nan,8.4,8.1,8.1,8.2875,nan,nan,8.4,8.1,8.1,8.350000000000001,7.2,7.2,8.325,nan,nan,8.4
7.3,7.474696356275305,6.780000000000001,6.8999999999999995,7.45,7.45,7.188888888888889,7.633333333333332,7.633333333333332,7.305555555555555,7.6,7.6,7.45,7.579999999999999,7.579999999999999,7.299999999999999,7.566666666666666,7.566666666666666,7.365,7.38,7.38,7.278947368421053
6.7,7.341048034934493,6.5,6.44,nan,nan,6.7,nan,nan,6.7,nan,nan,6.7,nan,nan,6.7,nan,nan,6.7,7.3999999999999995,7.3999999999999995,7.206666666666666
7.7,7.7231511254019285,nan,7.7,7.859999999999999,7.859999999999999,7.8625,7.859999999999999,7.859999999999999,7.8625,6.6,6.6,7.7,7.745454545454544,7.745454545454544,7.836842105263158,7.618181818181819,7.618181818181819,7.63846153846154,7.58,7.58,7.535714285714286
7.2,7.307297297297295,nan,7.075,7.65,7.65,6.742857142857143,nan,nan,7.075,6.9,6.9,7.050000000000001,7.400000000000001,7.400000000000001,6.929411764705883,7.885714285714285,7.885714285714285,7.457142857142857,8.65,8.65,7.5166666666666675
7.6,7.238281250000001,7.475,7.516666666666666,7.233333333333333,7.233333333333333,7.472727272727274,8.5,8.5,7.824999999999999,7.8999999999999995,7.8999999999999995,7.574999999999999,7.657142857142857,7.657142857142857,7.569565217391306,7.333333333333333,7.333333333333333,7.3187500000000005,7.38,7.38,7.495238095238094
7.6,7.735542168674698,nan,7.6,7.4,7.4,7.5,7.300000000000001,7.300000000000001,7.3999999999999995,6.466666666666666,6.466666666666666,7.366666666666667,7.0125,7.0125,7.421428571428572,7.528571428571429,7.528571428571429,7.6937500000000005,7.1,7.1,7.3062499999999995
6.7,7.280412371134019,nan,6.7,nan,nan,6.7,nan,nan,6.7,6.92,6.92,6.666666666666667,6.92,6.92,6.68,7.279999999999999,7.279999999999999,6.94,7.7200000000000015,7.7200000000000015,6.709999999999999
